,0,1
0,-11.984597,-13.214937
1,-9.515816,-14.447581
2,19.0027,6.939627
3,-9.444086,-14.481378
4,-13.178998,-12.466557
5,-5.504847,22.552052
6,-5.2988887,22.6492
7,18.956606,7.357064
8,17.722088,-2.9170485
9,-18.264656,-7.950407
10,7.316403,-13.7871685
11,-10.513446,-13.996266
12,-1.4163888,-15.967571
13,-3.652795,-15.909067
14,18.999392,6.953744
15,19.065472,2.7078426
16,18.075274,-2.0001976
17,19.156195,4.2341776
18,-7.5860248,-15.102152
19,-11.40731,19.286945
20,-19.338428,-6.689126
21,15.296872,-7.2018347
22,15.397496,-7.061938
23,17.986725,-2.2704244
24,4.718405,-14.897568
25,3.838009,-15.212995
26,-9.601573,20.377748
27,6.7055,-14.092634
28,19.139929,4.5221524
29,0.20300111,-15.902266
30,18.792414,0.7047805
31,6.040761,-14.3714
32,-18.076284,-8.158395
33,-1.943892,-16.01273
34,-12.210714,18.783014
35,11.561745,-11.143071
36,18.441555,-0.8623419
37,16.934671,-4.561037
38,3.9242833,-15.188554
39,-12.635677,-12.820144
40,-7.000578,21.784828
41,-11.873717,-13.279851
42,18.830486,0.934047
43,4.2595425,-15.063746
44,-5.769933,22.418198
45,13.9942875,-8.82855
46,17.242304,-3.984758
47,11.853894,-10.878415
48,-10.003809,20.145199
49,-10.818026,19.652498
50,14.809287,-7.8523636
51,18.934994,7.529873
52,-6.7904644,21.901619
53,13.710229,-9.154248
54,-1.955185,-16.00329
55,9.501188,-12.619771
56,-13.138648,-12.496432
57,14.63403,-8.088123
58,11.905497,-10.854269
59,18.15871,-1.778317
60,-11.101697,-13.717116
61,13.106518,-9.770398
62,14.520281,-8.224104
63,6.5730863,-14.155304
64,-12.018484,18.907278
65,-12.82236,18.383678
66,-13.9036255,-11.954291
67,14.812071,-7.8540177
68,17.197254,-4.0714927
69,-12.454181,18.629025
70,-2.380257,-15.987165
71,-11.60505,-13.4446335
72,2.2613697,-15.564782
73,-5.5132074,22.549889
74,8.10287,-13.387839
75,-17.602875,-8.671419
76,-11.677467,-13.398092
77,-19.204483,-6.851305
78,13.203648,-9.6857605
79,19.037842,6.5064735
80,18.963163,7.2638187
81,-13.2891,-12.390541
82,-5.45525,22.580122
83,-6.79393,21.894659
84,-13.272082,-12.3940325
85,-10.753272,19.691477
86,12.870776,-10.010392
87,-10.720273,19.708864
88,-8.921393,20.761702
89,16.661346,-5.05675
90,18.914543,7.659338
91,-3.6838381,-15.906504
92,-7.291911,21.637602
93,7.7646127,-13.557361
94,-6.922795,21.831152
95,-17.629723,-8.63768
96,-0.97047085,-15.956023
97,-3.9078553,-15.876472
98,4.548628,-14.958907
99,1.2177994,-15.783343
100,-11.302786,-13.603999
101,18.959356,7.309575
102,9.467939,-12.625948
103,6.0482097,-14.375639
104,-15.425252,-10.744196
105,-18.521912,-7.666937
106,14.349543,-8.427879
107,-18.377087,-7.8486824
108,-7.5081577,-15.122328
109,-9.890014,20.207493
110,-17.372543,-8.905054
111,-8.123359,21.19872
112,-11.630195,-13.430404
113,-15.919693,-10.3049555
114,-11.9511175,-13.240729
115,-12.220378,18.776926
116,-15.68681,-10.511636
117,3.455159,-15.307362
118,-10.809142,19.654493
119,18.924025,7.5701113
120,-7.397229,21.584412
121,-1.500936,-15.98652
122,-11.343853,-13.579659
123,9.472319,-12.632648
124,-1.300953,-15.960474
125,-10.2158985,-14.139516
126,3.3354442,-15.312052
127,-2.4845304,-15.979197
128,-11.1805105,-13.668769
129,-5.25444,22.666235
130,-8.09973,-14.943005
131,-14.568788,-11.455376
132,4.1586585,-15.121576
133,11.29447,-11.345511
134,-19.31398,-6.72501
135,19.144993,3.803897
136,14.756072,-7.93508
137,18.923122,1.4947314
138,-5.624558,22.488932
139,2.8862982,-15.422706
140,-4.5467906,-15.7902
141,0.4541501,-15.882771
142,17.692461,-3.012317
143,4.174808,-15.124317
144,-16.320839,-9.923202
145,16.209332,-5.8411703
146,-18.003424,-8.245637
147,19.128475,5.2239685
148,-8.015215,-14.977897
149,19.090014,2.894652
150,18.229994,-1.5653908
151,-2.6540744,-15.941263
152,17.283966,-3.910972
153,-15.962046,-10.269669
154,-11.317248,19.342285
155,16.928854,-4.560369
156,16.092081,-5.982114
157,-6.3430805,22.130302
158,-6.343927,22.131441
159,-7.2057767,21.688906
160,-17.528763,-8.741176
161,-5.4287972,22.585375
162,-7.458035,21.55492
163,-5.8768096,22.358805
164,9.922344,-12.340989
165,-8.230593,21.138773
166,-5.618553,22.497896
167,-18.09025,-8.139358
168,-8.388408,-14.862998
169,-12.863707,18.350752
170,13.700545,-9.17367
171,14.934549,-7.6786933
172,-9.22696,20.595455
173,11.495488,-11.199533
174,-15.780579,-10.429173
175,14.7522955,-7.934561
176,-10.119007,20.07439
177,-9.405959,20.490088
178,18.526836,-0.50054955
179,-7.2981124,21.641718
180,-16.41786,-9.832311
181,-19.263765,-6.782897
182,11.620337,-11.085301
183,-8.308461,-14.890287
184,-1.8206365,-16.00122
185,-15.699323,-10.50675
186,-6.400231,22.101171
187,-11.950488,18.946838
188,-7.306898,21.635336
189,8.42074,-13.222678
190,17.101164,-4.2715893
191,-5.8622646,-15.570229
192,19.02033,6.7407737
193,-8.121777,-14.942554
194,17.22221,-4.017533
195,19.159414,4.067454
196,-13.893746,-11.960873
197,-3.846998,-15.888341
198,17.188631,-4.094488
199,-1.9691395,-16.010258
200,17.968185,-2.3361125
201,-8.399365,21.048925
202,-5.516536,22.546848
203,19.122707,3.4846888
204,19.037079,6.5364666
205,-12.274634,18.740698
206,-15.8241005,-10.397288
207,-10.291576,19.971788
208,-10.124741,20.075287
209,-1.822933,-15.960032
210,-12.831832,18.379457
211,17.548801,-3.2679796
212,-10.93096,-13.806326
213,-13.330224,-12.345435
214,1.0764627,-15.785753
215,12.050799,-10.729613
216,-14.223131,-11.720318
217,-7.478865,21.548117
218,-9.483132,20.448528
219,-11.0427685,-13.742601
220,10.32319,-12.0614
221,19.117577,5.3907604
222,-14.372412,-11.594017
223,-14.107985,-11.802865
224,-9.771447,-14.345866
225,-11.460863,-13.5124855
226,18.398066,-1.0139194
227,13.16669,-9.7194605
228,19.064102,6.1772375
229,-15.876534,-10.337864
230,-16.687544,-9.578823
231,-15.185485,-10.950572
232,6.7562265,-14.072341
233,-14.733179,-11.306001
234,9.622749,-12.544558
235,18.087234,-1.9838116
236,-18.599455,-7.6134744
237,-10.970827,19.557922
238,-5.5989,22.511545
239,18.051973,-2.1220698
240,19.14652,4.0566473
241,18.8226,0.9099765
242,-6.122601,-15.487058
243,-12.2370405,18.765877
244,16.335718,-5.5914
245,-16.189419,-10.046608
246,-12.053271,18.882221
247,17.290976,-3.8932395
248,-7.2941074,21.63817
249,-4.176044,-15.8416395
250,18.017717,-2.2104151
251,-9.846209,20.231438
252,-18.534143,-7.682986
253,19.017189,2.1539783
254,-12.362146,-12.991746
255,-18.58064,-7.628805
256,17.533558,-3.3083785
257,12.95631,-9.944456
258,-10.403384,-14.052213
259,-12.309302,18.72092
260,-17.824448,-8.426419
261,-9.471036,20.45171
262,-4.1060276,-15.849909
263,-17.899942,-8.352028
264,18.820017,0.832731
265,-3.2005284,-15.92781
266,4.4710817,-15.007365
267,19.155739,4.5526557
268,4.555683,-14.982693
269,18.796728,0.6873996
270,-12.469729,-12.908117
271,-9.126711,20.652893
272,4.2872267,-15.071616
273,4.4075103,-15.0397835
274,19.072964,2.651608
275,9.34889,-12.702812
276,-10.141432,-14.173844
277,-5.6716323,22.471668
278,-0.11032573,-15.920571
279,-9.169125,-14.573125
280,-15.697206,-10.511647
281,19.056326,6.326559
282,-6.821602,21.879107
283,-18.586544,-7.5980206
284,4.125717,-15.09763
285,18.925377,7.6031437
286,16.522392,-5.2786436
287,5.992613,-14.395792
288,-18.523462,-7.6901307
289,-3.6857362,-15.907217
290,18.85646,1.0216026
291,-18.483912,-7.71075
292,-10.583906,19.796326
293,-12.19745,18.792906
294,11.624746,-11.087295
295,19.066084,2.6987705
296,16.21605,-5.78637
297,19.153992,3.9724069
298,-8.169905,-14.923736
299,-14.257184,-11.678504
300,18.91827,7.6208987
301,19.156292,4.4258738
302,-6.9188485,-15.335554
303,-12.911743,18.32423
304,-18.60455,-7.600962
305,19.001226,6.9443607
306,15.2061405,-7.307136
307,-4.375538,-15.817587
308,19.043718,6.526082
309,-11.648605,19.138891
310,0.45961303,-15.859421
311,-7.049915,-15.305468
312,19.118727,5.288638
313,6.5588818,-14.150322
314,-9.213708,-14.564855
315,-11.232117,-13.643619
316,14.840891,-7.825526
317,15.571532,-6.8053927
318,13.26542,-9.620857
319,-16.121273,-10.114478
320,19.138565,4.02604
321,-12.84723,-12.68725
322,-11.952343,18.947283
323,18.421968,-0.9283464
324,19.067951,2.6033282
325,18.943829,7.4341917
326,-17.183573,-9.086664
327,11.6061535,-11.081294
328,-7.291505,21.640223
329,10.909874,-11.626637
330,15.418,-7.0292497
331,-11.793777,-13.320108
332,-18.522366,-7.6627793
333,18.83551,0.9790998
334,19.000183,6.9590473
335,-12.815517,-12.705266
336,16.104698,-5.9709177
337,-11.080351,19.49147
338,14.415296,-8.35659
339,14.623731,-8.099856
340,-11.523715,-13.480456
341,-9.700793,-14.363539
342,-7.240787,21.670559
343,-15.34227,-10.811093
344,17.170624,-4.1144185
345,-18.52461,-7.6822658
346,5.0757656,-14.77644
347,-9.170839,20.629168
348,19.115921,5.420127
349,11.653872,-11.070875
350,16.294147,-5.703937
351,-18.530115,-7.6855645
352,-9.418173,-14.48577
353,1.7126132,-15.670068
354,-12.29985,-13.031548
355,-16.020817,-10.210665
356,18.377195,-1.0500907
357,0.7328268,-15.850414
358,19.109337,3.0958204
359,19.099344,5.6460013
360,-6.716904,-15.34836
361,13.414626,-9.463281
362,-4.187784,-15.843503
363,17.188303,-4.100946
364,-3.8737373,-15.885163
365,18.492153,-0.63991886
366,-11.888204,-13.272925
367,-14.121576,-11.781962
368,14.576327,-8.160174
369,-15.783764,-10.429929
370,1.3669808,-15.755574
371,-9.360626,-14.514915
372,-5.881065,22.362772
373,-9.974286,20.156715
374,16.971066,-4.4951143
375,19.133583,4.0482626
376,-10.613362,-13.949464
377,-9.428141,-14.462422
378,18.110405,-1.8042704
379,-7.4052577,-15.151405
380,-13.005206,-12.573802
381,18.922411,7.636494
382,17.337143,-3.7896261
383,-14.439944,-11.537601
384,-12.030816,-13.189196
385,-12.029718,18.896585
386,17.129345,-4.211805
387,-16.373474,-9.876372
388,-12.021705,-13.19797
389,19.159327,4.115262
390,-11.5422945,19.199848
391,-3.5497727,-15.890113
392,18.556065,-0.42716786
393,18.93242,1.519152
394,-6.3620353,-15.478525
395,-18.418608,-7.8031173
396,6.462922,-14.190399
397,-15.325134,-10.826597
398,18.204344,-1.6248963
399,18.953516,7.356321
400,-5.8032174,22.405397
401,-11.120847,-13.701155
402,-0.8099295,-15.950589
403,19.121832,5.3324456
404,2.0533416,-15.60711
405,-6.365027,22.115211
406,19.05691,6.319446
407,18.68598,0.1474028
408,18.97617,7.1365895
409,18.446133,-0.8171605
410,-12.8174715,18.389946
411,-14.3736,-11.609375
412,-12.659248,18.493992
413,19.152946,4.608558
414,-19.26853,-6.7842245
415,19.059011,6.2841697
416,-9.959802,20.167963
417,-15.727125,-10.482799
418,13.280174,-9.60752
419,19.083809,2.9415283
420,3.7735944,-15.2315645
421,19.123522,3.3216133
422,-18.984272,-7.141539
423,18.053623,-2.099855
424,13.00133,-9.886851
425,14.961411,-7.640751
426,-17.885712,-8.376086
427,18.800728,0.744815
428,7.661053,-13.61327
429,9.771274,-12.447396
430,-5.6725287,22.464155
431,-7.216544,21.681694
432,-6.9167433,21.837843
433,16.41198,-5.5063906
434,-11.02541,-13.749147
435,-6.066851,22.268908
436,15.837509,-6.387573
437,9.88768,-12.372854
438,-11.082338,19.489294
439,4.9373693,-14.828375
440,-9.90205,20.199038
441,-3.5646331,-15.919777
442,-10.526127,19.828646
443,12.652502,-10.208946
444,0.13363826,-15.9010315
445,18.712196,0.33092424
446,-11.221074,-13.645768
447,15.921317,-6.245799
448,-7.1432548,21.72509
449,17.163153,-4.1269064
450,-18.35482,-7.861287
451,-10.877843,-13.828134
452,-14.308165,-11.643176
453,-14.051522,-11.845485
454,-10.604918,19.787186
455,-4.2037916,-15.842283
456,12.962462,-9.927385
457,-11.717178,19.092995
458,19.117395,3.2675557
459,18.931854,7.5421915
460,-10.62444,-13.94164
461,-8.330865,-14.877134
462,19.147196,4.862681
463,19.055727,6.2809467
464,-17.768057,-8.503209
465,17.848085,-2.597094
466,19.138477,3.8929987
467,16.498896,-5.323478
468,15.440153,-7.0009007
469,0.12036063,-15.912277
470,-16.707668,-9.55137
471,-9.077567,20.678938
472,-10.781459,19.676464
473,17.494673,-3.439068
474,-6.5800257,22.003254
475,18.95773,7.3064084
476,18.947798,7.4237056
477,-8.018132,-14.993403
478,19.09003,2.8387644
479,-12.4013405,-12.969511
480,-15.232314,-10.900863
481,2.3389926,-15.543651
482,4.5873303,-14.968724
483,-5.5534596,22.528925
484,-0.618092,-15.941718
485,-7.283889,21.649157
486,-10.314893,19.952421
487,-10.311788,19.961695
488,16.956831,-4.5393777
489,4.191729,-15.108602
490,19.138008,3.5966005
491,-7.750348,21.39798
492,-5.66046,22.469898
493,-12.547678,18.564262
494,14.019693,-8.830876
495,18.632076,-0.08598825
496,-14.537119,-11.460991
497,-6.398095,-15.464945
498,19.142607,3.8673456
499,17.354872,-3.7668626
500,-12.090457,18.86251
501,-11.888396,18.987507
502,-16.249664,-9.99113
503,11.679357,-11.058538
504,9.911255,-12.354327
505,-6.8217793,21.885244
506,-17.890726,-8.368351
507,11.110924,-11.4776945
508,18.845047,0.9708774
509,-9.151877,-14.583308
510,16.300081,-5.681052
511,-9.903002,-14.272282
512,18.90612,1.3767444
513,13.994168,-8.841048
514,18.385931,-1.024381
515,-5.6671915,22.467806
516,-18.614239,-7.5965652
517,-18.345942,-7.863864
518,-6.538262,22.028088
519,-11.262541,19.376682
520,-10.952965,-13.7879
521,-6.449748,22.06862
522,12.835097,-10.047668
523,-15.275507,-10.864698
524,7.046081,-13.9222975
525,-5.3854194,22.606503
526,-6.238519,22.180227
527,19.051052,6.384702
528,17.974659,-2.3325176
529,-6.746819,-15.390878
530,12.86325,-10.019494
531,0.40998217,-15.869401
532,18.730537,0.3711779
533,9.275301,-12.756031
534,-18.502354,-7.7205133
535,-8.4692745,21.011166
536,-6.754512,21.921974
537,9.338868,-12.717853
538,1.629023,-15.690844
539,-12.031573,18.896423
540,-15.223762,-10.920573
541,9.5052805,-12.61215
542,10.097849,-12.223011
543,17.317396,-3.825932
544,-7.5052342,21.523544
545,14.652888,-8.057134
546,-2.0558417,-15.980369
547,19.159369,4.2408977
548,1.2561909,-15.762019
549,-12.637512,18.509266
550,19.10382,5.6566467
551,-6.901593,-15.295784
552,-19.179506,-6.89319
553,18.721384,0.32191205
554,-14.2771015,-11.67989
555,-12.011507,18.90856
556,19.145493,4.2174187
557,6.8807774,-13.999487
558,-11.257239,19.379484
559,-5.2762365,22.657537
560,-7.3904285,21.593048
561,12.86913,-9.9912
562,-5.194076,22.695032
563,-1.1270987,-15.969106
564,-5.2646456,22.66413
565,17.440466,-3.5711334
566,-1.9412119,-16.000196
567,-13.394283,-12.2981415
568,11.595454,-11.117324
569,0.86048615,-15.825945
570,18.343199,-1.1454426
571,19.01956,2.186866
572,18.927687,7.581987
573,-8.176428,21.169933
574,19.018126,6.739367
575,-8.697334,-14.757464
576,-17.015095,-9.26275
577,10.332868,-12.054748
578,-15.6267605,-10.57159
579,-6.2112107,22.19791
580,-19.310526,-6.7310257
581,-0.97692335,-15.953955
582,4.0193634,-15.173502
583,2.7037277,-15.475949
584,-17.493704,-8.7854185
585,8.833059,-12.993983
586,18.52061,-0.5437009
587,-5.1494136,-15.690882
588,-16.821667,-9.45127
589,0.33227482,-15.891329
590,-7.3275685,-15.215511
591,-12.479093,18.611387
592,17.920855,-2.4405808
593,-6.0413833,-15.544107
594,-19.365602,-6.660622
595,-7.2981973,-15.235282
596,-10.17403,-14.148293
597,-18.108835,-8.1270895
598,15.991841,-6.1652303
599,-3.9252865,-15.878141
600,-17.08034,-9.194391
601,-11.955969,18.94578
602,12.922217,-9.951936
603,5.9534664,-14.411302
604,-9.7199135,-14.367168
605,-13.6036215,-12.175457
606,18.41119,-0.94176435
607,-19.355818,-6.6727147
608,-12.888494,18.340067
609,10.415814,-12.006295
610,18.290876,-1.3526777
611,-13.411997,-12.316479
612,-8.585154,20.94907
613,18.540993,-0.46895182
614,6.6886096,-14.106228
615,19.093254,5.750568
616,-13.467801,-12.246587
617,-1.4293787,-15.968384
618,7.1164837,-13.890411
619,15.818942,-6.441378
620,-8.989689,20.726723
621,19.14698,3.9329298
622,-9.2562895,-14.548191
623,14.065188,-8.759978
624,-9.41013,20.488731
625,-11.786699,19.051193
626,12.642688,-10.205941
627,19.015276,6.7441998
628,-18.308378,-7.9167576
629,-9.488773,-14.450957
630,16.234304,-5.798719
631,6.608688,-14.139972
632,14.528239,-8.216897
633,17.59314,-3.176603
634,0.3839171,-15.885189
635,-18.626463,-7.5750694
636,6.6563964,-14.098761
637,9.015994,-12.894206
638,18.08173,-2.0263731
639,-18.263021,-7.952372
640,-6.4560437,22.068295
641,18.986229,7.0691066
642,1.0302418,-15.807634
643,-12.502913,18.597134
644,-5.4290338,22.590239
645,-8.549709,-14.794539
646,3.8534403,-15.203198
647,-6.802299,21.893469
648,-7.4346194,-15.180555
649,-9.809526,-14.320607
650,16.542934,-5.2443004
651,-18.48811,-7.6938367
652,-13.748246,-12.07841
653,-14.025528,-11.850617
654,-18.373121,-7.8273797
655,17.12539,-4.212608
656,19.129667,3.5988247
657,-16.355406,-9.897124
658,14.694452,-8.009939
659,-9.505334,-14.452154
660,8.641693,-13.098441
661,0.7139491,-15.852923
662,9.139007,-12.811799
663,19.098995,3.0514529
664,17.936642,-2.3765488
665,-6.63949,-15.367578
666,14.969138,-7.646514
667,16.16982,-5.899447
668,-10.994069,-13.761957
669,-10.643319,19.755331
670,-7.19177,21.693068
671,-5.8164983,22.393652
672,13.066995,-9.803361
673,-8.478946,21.00477
674,13.386195,-9.4959135
675,17.552431,-3.3316035
676,18.973137,1.9774379
677,-9.735713,-14.356573
678,-0.033927444,-15.916824
679,-8.711968,20.878603
680,-5.7039647,22.45503
681,-15.626721,-10.576948
682,16.416243,-5.468369
683,15.435064,-6.999904
684,17.695414,-2.9998355
685,10.344508,-12.041924
686,-12.313574,-13.018922
687,15.004311,-7.599154
688,19.119253,5.1897864
689,0.45077732,-15.861316
690,-7.1079826,21.739
691,11.371879,-11.276499
692,-1.9894755,-16.001276
693,-15.935962,-10.293252
694,-7.8488526,21.343374
695,16.41987,-5.460876
696,-7.561468,-15.150082
697,2.1083543,-15.595306
698,18.533573,-0.503599
699,19.0499,6.38831
700,-14.289674,-11.673285
701,10.873404,-11.6535425
702,-6.9163136,21.838636
703,-15.358229,-10.800822
704,-17.771082,-8.484567
705,19.099249,5.690616
706,18.941376,7.498849
707,-13.695558,-12.0916195
708,-7.9171457,21.304739
709,13.694123,-9.177703
710,11.719261,-11.011433
711,-19.273355,-6.7755866
712,18.758327,0.50871533
713,-9.006141,20.7163
714,19.082003,5.9379544
715,-12.2303295,18.772577
716,-9.472361,-14.449458
717,18.903728,7.7765336
718,19.068144,2.6734776
719,-4.6386104,-15.776808
720,-9.903913,-14.282603
721,-5.9952903,-15.551628
722,18.721346,0.35936075
723,18.92056,7.657463
724,17.935358,-2.4199152
725,16.72741,-4.9240084
726,17.965246,-2.2956522
727,-12.667876,18.48749
728,-8.77034,-14.716954
729,-4.5020647,-15.79748
730,5.1086445,-14.749202
731,-11.065609,19.495308
732,-8.922353,20.764435
733,1.0041925,-15.81255
734,18.345055,-1.1749495
735,18.106808,-1.9105953
736,15.085997,-7.4739985
737,0.74183273,-15.832995
738,18.67136,0.08022179
739,-18.394993,-7.799184
740,14.752674,-7.933322
741,-4.5372915,-15.789803
742,-15.630155,-10.5702095
743,-15.548142,-10.631959
744,-16.967203,-9.308922
745,-13.757781,-12.048076
746,-17.000324,-9.275566
747,-13.625377,-12.158655
748,18.952473,7.4092464
749,-4.7576103,-15.760921
750,-3.871868,-15.888158
751,17.215721,-4.028774
752,18.489777,-0.6724602
753,18.91944,7.631483
754,1.0527223,-15.790572
755,19.147314,4.8530893
756,18.921741,7.6388702
757,18.911686,7.6681404
758,19.067724,2.735652
759,-11.7317095,-13.367981
760,-6.1641183,-15.52179
761,17.393595,-3.6735568
762,-5.4176855,-15.652063
763,-12.601114,18.53085
764,14.790013,-7.8876605
765,-18.169481,-8.061113
766,17.93455,-2.374919
767,3.524142,-15.286103
768,-5.613148,-15.610347
769,4.624368,-14.931262
770,-10.293759,19.96597
771,-18.20555,-8.01075
772,-14.004694,-11.875733
773,16.221117,-5.8201385
774,-17.316652,-8.964143
775,13.567638,-9.306667
776,-10.032944,-14.221715
777,6.8174806,-14.028726
778,-12.187733,18.799423
779,18.748587,0.4780308
780,13.073296,-9.808488
781,-18.549528,-7.6331234
782,4.3875637,-15.024419
783,-11.065825,19.501339
784,-11.100706,-13.714741
785,16.423508,-5.4880095
786,17.407318,-3.6508958
787,14.444026,-8.312043
788,-5.53672,-15.640241
789,-10.177112,20.035673
790,-12.606341,-12.8358555
791,13.564674,-9.315532
792,-17.15656,-9.122837
793,14.59906,-8.126721
794,-5.697076,22.457638
795,19.123308,5.29185
796,-12.190941,-13.098218
797,9.897462,-12.372704
798,17.339556,-3.7695
799,-7.052151,21.764595
800,-16.697723,-9.567842
801,19.120672,3.553987
802,14.573587,-8.161475
803,-18.21142,-8.018779
804,12.018608,-10.76053
805,-17.594934,-8.679551
806,-5.624697,22.492111
807,17.079409,-4.2788467
808,-11.293203,19.357292
809,-17.397371,-8.876911
810,-9.289825,20.557676
811,-5.777068,-15.577196
812,-12.2474785,-13.058195
813,-6.8763356,21.859226
814,-12.477175,-12.922486
815,-6.8036466,21.893892
816,-7.89844,21.317936
817,-13.412909,-12.299558
818,-12.811913,-12.700999
819,-12.049735,18.888926
820,-9.444842,20.46915
821,-5.934943,-15.564525
822,12.999848,-9.879891
823,-10.802216,-13.865791
824,-7.494304,21.536766
825,-4.552508,-15.786174
826,-10.832227,-13.844052
827,-11.916837,18.967632
828,-13.982206,-11.891339
829,19.123203,5.263326
830,-5.9353814,22.33721
831,19.007538,2.172945
832,17.386986,-3.6860104
833,-5.534046,22.530827
834,15.325242,-7.169965
835,18.48657,-0.6708491
836,18.516382,-0.59147
837,-5.497888,22.550123
838,-11.941743,18.952549
839,12.504601,-10.322275
840,-7.531729,21.51091
841,9.421898,-12.672595
842,14.215178,-8.5868635
843,14.227182,-8.575186
844,-2.7222128,-15.931383
845,-6.667226,-15.354026
846,18.326784,-1.2343436
847,-10.276411,19.984129
848,13.329755,-9.550515
849,6.9499917,-13.974072
850,-5.5906167,-15.624728
851,15.55322,-6.8065753
852,-11.238716,19.393805
853,-15.621975,-10.569627
854,19.10321,5.6255755
855,3.445402,-15.28893
856,-10.206095,20.0223
857,-14.885935,-11.196624
858,-3.7584481,-15.903606
859,18.370434,-1.0853171
860,9.963365,-12.324982
861,15.718233,-6.570928
862,18.465034,-0.7621297
863,-12.859022,18.360863
864,-12.402886,-12.959899
865,3.6448245,-15.241839
866,-2.184817,-15.997599
867,13.095677,-9.801484
868,-6.8938923,21.846376
869,-1.7729104,-15.992023
870,-11.966213,18.938093
871,-19.251747,-6.7966685
872,18.586609,-0.2598972
873,18.941917,7.505708
874,-7.706166,-15.094682
875,-15.549458,-10.639145
876,9.853481,-12.382456
877,-9.136643,20.644644
878,-10.248348,19.995823
879,19.025383,2.2194607
880,-15.585644,-10.602594
881,-5.984816,22.306337
882,-8.504538,-14.810329
883,-5.814171,22.400654
884,-9.747521,-14.350815
885,-1.3931656,-15.961559
886,-13.777735,-12.054969
887,-9.14342,20.641756
888,-6.1375103,22.235
889,16.284664,-5.7200613
890,-9.275857,20.565298
891,15.731986,-6.548357
892,18.852497,0.9335968
893,-14.58163,-11.429733
894,14.302009,-8.486499
895,-16.723248,-9.538846
896,8.41368,-13.208491
897,18.464207,-0.7806733
898,1.2058936,-15.77878
899,-18.438047,-7.767566
900,-8.5250025,20.97968
901,-11.9811325,18.931772
902,0.13335842,-15.903968
903,10.536502,-11.916612
904,9.939315,-12.321859
905,18.856052,1.0231912
906,-11.891325,18.984566
907,-18.681871,-7.5094423
908,18.775566,0.558121
909,-11.957658,18.94325
910,-10.087737,-14.199105
911,-9.109188,-14.598645
912,-16.821287,-9.448973
913,9.746428,-12.453636
914,4.520903,-14.977932
915,-5.701096,22.453602
916,0.23522565,-15.885062
917,16.78745,-4.829709
918,-2.2391353,-15.993238
919,13.439145,-9.44485
920,19.111465,5.5236588
921,-10.644416,19.754864
922,3.8620982,-15.158599
923,-1.9312471,-16.001568
924,6.3030252,-14.268423
925,-13.350592,-12.351732
926,19.159988,4.0062656
927,18.762592,0.53406054
928,18.11265,-1.9370677
929,-3.7769628,-15.89096
930,-6.1589828,-15.4820385
931,18.486713,-0.69705874
932,-17.946987,-8.306415
933,-18.466326,-7.7435155
934,-17.895002,-8.362866
935,18.5009,-0.65523595
936,-5.7420287,-15.59083
937,19.136469,3.8947585
938,3.276008,-15.347932
939,9.773227,-12.4553795
940,-8.85508,-14.692902
941,19.08058,6.026308
942,19.137003,4.7625346
943,-5.474052,22.563707
944,-5.9632564,-15.541703
945,-19.314907,-6.7298512
946,18.060595,-2.09617
947,19.073853,2.7164888
948,-13.796229,-12.023421
949,-10.639044,19.764286
950,-10.942811,19.572083
951,11.365966,-11.283049
952,-3.690702,-15.907316
953,-9.1037445,20.662998
954,-17.885948,-8.366979
955,-17.125381,-9.152347
956,19.137226,3.8755863
957,-17.432802,-8.851104
958,-8.069593,-14.977027
959,19.130838,5.152507
960,-14.413029,-11.575971
961,19.013214,6.7946343
962,15.588182,-6.770571
963,-11.192374,19.420826
964,-17.428255,-8.847477
965,-11.034116,-13.743521
966,19.149803,4.653798
967,18.584938,-0.2908441
968,-13.618264,-12.152179
969,-18.616116,-7.5756063
970,-14.484105,-11.51924
971,14.737574,-7.9595003
972,15.416634,-7.0275297
973,9.614874,-12.550363
974,0.39108616,-15.888666
975,-1.5973846,-15.9895115
976,-18.556387,-7.6620474
977,-3.704971,-15.898599
978,17.298626,-3.888592
979,13.712568,-9.153658
980,-10.734543,-13.89623
981,-7.766462,-15.049201
982,18.75384,0.46456376
983,-7.1909766,21.699987
984,0.72074413,-15.845759
985,-11.217518,-13.647937
986,18.94704,7.43903
987,-18.712782,-7.4346247
988,-16.798077,-9.472693
989,-9.103827,20.663988
990,-3.8638253,-15.891351
991,19.103949,3.1922321
992,-16.766478,-9.500494
993,18.92279,7.6354723
994,-11.434672,19.268164
995,10.489837,-11.942894
996,-5.678553,22.46618
997,-16.321676,-9.923871
998,-12.045669,18.885504
999,13.743566,-9.145442
1000,-3.544598,-0.47859153
1001,1.911034,3.395938
1002,-0.9633573,6.584822
1003,-3.418221,-3.0142858
1004,-3.8483763,-3.013209
1005,1.8897356,3.6605005
1006,2.551214,1.3541714
1007,1.0516127,-3.504466
1008,-1.6092516,5.5235553
1009,-4.965185,0.1777936
1010,4.0314555,4.545341
1011,-4.8453364,4.817539
1012,1.8311849,3.3098538
1013,0.4861914,4.7572865
1014,3.045453,1.2637172
1015,-2.0616002,5.999716
1016,-2.3541083,-3.6015148
1017,0.8100883,1.4735433
1018,2.825474,-1.6771495
1019,-2.2302275,-2.1862333
1020,1.9891266,-1.0983268
1021,-1.9972107,-3.566491
1022,2.3541946,5.666467
1023,-1.0483547,-2.540397
1024,4.9808097,2.8523893
1025,-3.991082,-2.6634834
1026,-3.0567105,0.8619721
1027,4.302974,1.6495253
1028,1.0828302,2.2128124
1029,1.1044947,-0.6555891
1030,0.605128,3.760742
1031,-1.0760384,-4.32825
1032,-1.9567498,-2.1616707
1033,0.69496316,-2.7588344
1034,2.8976712,0.43434244
1035,3.7595513,2.6405203
1036,-0.8444007,0.24416567
1037,-2.499154,-3.930463
1038,1.3850015,1.2518708
1039,-0.37639385,-4.1098695
1040,-5.6957517,0.40834025
1041,0.836278,3.3930376
1042,4.574761,1.5007535
1043,0.64282936,-2.5309932
1044,4.6328,-1.1683038
1045,4.509801,-1.1512334
1046,2.5960624,4.2813206
1047,0.17094254,-2.3594472
1048,3.1348345,0.5649651
1049,-2.9986029,5.366033
1050,0.8062321,-2.4805071
1051,-0.2532386,-0.6474851
1052,-0.48684257,-0.39850757
1053,-0.18681648,-1.7363807
1054,2.9401648,0.096556954
1055,-6.108067,0.90664184
1056,3.8576982,-2.2858815
1057,1.0334421,3.0050778
1058,-2.8354237,1.1275163
1059,-5.271475,3.339748
1060,-1.1318542,0.7793143
1061,-4.7188373,-2.025126
1062,-3.4671946,4.2239814
1063,-4.9744277,0.17196754
1064,-0.40646523,-0.5265673
1065,2.6790829,4.41956
1066,-0.0125918705,-3.5093093
1067,-2.2148812,-4.062641
1068,0.44042715,-3.2641804
1069,-2.3015537,3.8759913
1070,-1.688251,0.23407298
1071,-0.7135579,-1.9399742
1072,-2.0601442,4.217269
1073,-2.6339257,5.265125
1074,-2.8599098,1.3267618
1075,3.1196165,-2.3853657
1076,4.4478717,1.6578307
1077,0.90632075,-2.2920372
1078,1.1221017,1.6572063
1079,-1.1638829,5.569363
1080,4.2838902,1.6238256
1081,1.3015624,-2.3244376
1082,-0.82867223,0.40185308
1083,2.967272,3.5490232
1084,-0.83053976,5.4432626
1085,1.8391978,4.1030383
1086,-4.009204,-2.6337547
1087,-4.039993,-2.301099
1088,-2.7563324,-3.8101153
1089,0.93228465,-2.0407043
1090,-4.43322,-2.7704432
1091,2.7037761,4.469657
1092,4.5082417,1.5490519
1093,4.4350157,-1.2067828
1094,-4.847207,-1.7842467
1095,2.8840637,-0.029528454
1096,-4.703604,-1.2089865
1097,3.2979383,-2.6325655
1098,1.0606966,5.9015307
1099,4.708916,-0.43038937
1100,-1.7382623,5.0387793
1101,2.602043,5.532604
1102,3.0045497,-2.503186
1103,-0.9492466,1.6943394
1104,-2.1036415,5.242272
1105,1.243347,-2.6289058
1106,-5.309116,-0.7649926
1107,0.116712965,0.24185114
1108,-2.7858276,4.6688724
1109,4.4746265,-1.0824451
1110,0.36735883,3.6934464
1111,-5.367252,-0.48297426
1112,-4.282946,-2.3248951
1113,-1.6160184,-4.1579094
1114,-5.259826,1.077298
1115,-3.3061433,-3.5335622
1116,0.97376657,6.267877
1117,-1.2548798,-1.0907152
1118,4.746434,-0.6602107
1119,3.7167506,2.2160804
1120,0.23586437,-1.9116868
1121,4.966333,2.0173557
1122,-0.43203878,-2.1967895
1123,-2.5708246,5.4048853
1124,3.961345,-0.96759117
1125,-5.833838,0.79146004
1126,-5.3601246,1.1353705
1127,-1.3612502,-3.9575164
1128,-4.4867315,0.2110645
1129,4.918896,1.8000407
1130,-1.4942967,1.8106768
1131,-4.452856,-1.9098077
1132,-4.3956904,-2.6634245
1133,-0.055884555,-3.9279473
1134,-2.5916288,-3.0447075
1135,-4.6442933,0.6762797
1136,2.8961406,5.4219947
1137,-4.212277,3.6852841
1138,-1.6095799,2.5569665
1139,3.1596406,3.987802
1140,0.6294881,2.6064723
1141,-3.5938694,-3.0961828
1142,3.4714196,-0.83108747
1143,-1.9237376,3.3894882
1144,-0.4566146,-0.4309286
1145,1.1276869,0.99654543
1146,-0.6840909,-1.9721333
1147,0.54183304,1.888896
1148,2.5218003,0.4074435
1149,-3.5122356,-0.27884787
1150,-4.0677,4.622657
1151,5.056722,0.22090384
1152,-2.5725038,3.4070005
1153,1.5989091,1.0139486
1154,4.7935185,1.2607929
1155,0.5671836,3.611019
1156,-0.4802282,-2.1225364
1157,1.0904322,6.0228305
1158,-2.4710867,3.8288164
1159,-0.79189354,6.5448275
1160,-1.4420522,6.2828074
1161,-0.85744315,6.4577
1162,3.0307937,-2.2389424
1163,0.47216225,4.940055
1164,4.9546027,-0.06864418
1165,1.0812397,-1.909113
1166,2.789125,1.3115103
1167,-1.9152223,4.402892
1168,-2.3824387,-2.149247
1169,-0.47891536,-1.9643549
1170,-0.0640024,2.5433853
1171,-0.96875846,-2.7716794
1172,-0.82579195,2.12545
1173,-3.158845,5.686933
1174,-1.0406336,6.4553065
1175,-1.4417692,-0.8423245
1176,-3.5485947,5.523561
1177,-3.3832445,4.412577
1178,-4.8913903,3.792567
1179,-4.7402687,4.4165244
1180,-4.597925,-1.6361403
1181,3.37433,-2.1129963
1182,-1.5296923,-1.1660781
1183,3.4582615,3.6337812
1184,-5.14834,1.1248211
1185,-2.1509886,-2.1845946
1186,-3.6814299,-2.7371476
1187,-1.3837872,-4.0106072
1188,-2.529734,-3.8120215
1189,-4.0573196,4.587923
1190,-4.727129,-2.1837876
1191,4.2831125,-0.4847143
1192,-0.8242275,-4.231771
1193,-1.9430805,1.4255499
1194,-5.254039,1.0181061
1195,-4.2190113,0.48315182
1196,-1.3433595,5.7336574
1197,-1.5797393,1.4416615
1198,0.61687607,-2.992596
1199,-0.51729494,-3.6260755
1200,-0.24755713,1.821847
1201,3.0950696,3.6883683
1202,-5.3060856,-0.64978707
1203,3.293874,1.6849294
1204,-3.240129,-0.37523013
1205,4.453596,-0.87119615
1206,5.0453553,1.8220221
1207,5.0045433,2.3188405
1208,0.2174033,4.611634
1209,-1.393208,-2.354309
1210,-0.08911804,0.4334649
1211,-1.7792686,1.8130995
1212,-2.3855255,-0.8409188
1213,-3.8997116,5.065981
1214,-4.788664,-1.548103
1215,1.476307,5.731921
1216,1.5423682,0.44434
1217,-1.9107429,1.8101149
1218,4.9948287,0.013321945
1219,-0.20885609,6.3680034
1220,3.5021408,4.861056
1221,1.9904524,-3.1455245
1222,0.3285838,4.937477
1223,-2.7187445,-2.0663815
1224,2.9664462,1.1640109
1225,2.374603,3.1148534
1226,0.88557696,5.7908535
1227,2.4287899,5.567792
1228,0.58080363,5.001305
1229,-2.4048212,3.946443
1230,-4.591549,4.8723793
1231,-3.6168332,5.018497
1232,-2.2300384,0.6846722
1233,1.1817614,-3.456399
1234,-1.0709734,6.4983735
1235,1.119051,-0.42290097
1236,-2.6819563,5.454725
1237,1.3066629,1.2836863
1238,-1.0472184,-0.9947644
1239,0.1797679,3.8268707
1240,-2.4684815,5.3040376
1241,-0.4687732,-0.3315016
1242,4.5773754,3.1265132
1243,-1.7060574,-4.2000914
1244,-2.086734,1.5880132
1245,-2.4584374,-3.5003712
1246,3.2954028,3.0713096
1247,-4.943719,3.3258603
1248,-0.90077394,-4.2667346
1249,-0.32594433,-1.9493662
1250,-2.91508,-1.4288995
1251,-0.5924321,0.91006166
1252,-1.4424615,5.992327
1253,-2.4281285,-1.3219229
1254,0.93382823,-3.6120403
1255,-1.1077114,6.427395
1256,0.21989095,5.378634
1257,3.6844835,2.503089
1258,0.4132167,6.3593946
1259,-0.9454653,2.1246555
1260,-6.0193167,0.6110141
1261,-2.2256336,1.9062707
1262,-1.0929393,-3.285542
1263,-6.083156,0.71717644
1264,0.9629935,5.3593793
1265,-0.8858049,6.4841237
1266,0.02291616,4.064158
1267,2.8744996,-1.6147337
1268,-2.9941638,-1.8312354
1269,3.5679424,-2.4006324
1270,-5.292631,3.706155
1271,-4.4688287,3.9856524
1272,3.0620196,3.8233237
1273,-0.08099257,1.828407
1274,-3.875675,-2.9952502
1275,1.2185335,-0.3918
1276,-5.5147996,0.2895364
1277,-3.2927446,5.7147985
1278,-2.9578445,4.2693763
1279,0.626103,3.6146045
1280,5.1097984,2.4273028
1281,1.455347,3.260506
1282,-3.322393,-1.1475136
1283,4.4043093,-0.45618805
1284,2.8145895,-0.96994007
1285,3.2822871,-0.39658064
1286,3.9451377,-1.9857858
1287,-4.8861084,-1.4705459
1288,2.1501606,2.6424184
1289,2.384745,-0.92742753
1290,0.4617173,-3.369453
1291,-3.1866598,2.206245
1292,-3.692183,3.9446821
1293,-0.78684956,2.0982478
1294,-5.177275,3.5773127
1295,-3.8108335,1.2792653
1296,-5.0749545,-0.15309195
1297,2.788763,-2.767336
1298,3.029395,5.1973143
1299,-0.4814897,0.17764568
1300,-4.325364,-2.6384294
1301,3.3633173,1.436054
1302,-1.5737917,-3.854966
1303,-5.353912,-0.13869986
1304,0.25920707,2.5374737
1305,1.6227758,2.6690364
1306,3.471764,2.6690903
1307,-0.22473204,-3.9116266
1308,-0.39470467,-3.78288
1309,-2.2457142,3.2450233
1310,-1.0021762,-4.3696632
1311,0.33113998,4.744486
1312,1.0174714,6.112062
1313,-2.5319571,-4.048709
1314,1.3209555,-0.9046753
1315,2.7734735,0.89430094
1316,3.0222929,3.385801
1317,0.016604925,-1.2596394
1318,4.2625036,3.6975114
1319,1.7997564,3.415229
1320,-0.40325266,2.5546885
1321,1.3239135,-3.5202901
1322,4.1405764,-0.52001
1323,-2.6660984,-3.6184967
1324,2.8664546,5.2588215
1325,3.8414593,-1.1626558
1326,1.8074965,2.8281357
1327,1.0161492,-3.2372935
1328,-0.44160777,-3.718305
1329,1.0926541,6.208768
1330,3.7858722,1.6949837
1331,-0.4910628,0.6033894
1332,-0.39555922,-1.8095081
1333,3.8211398,1.7833147
1334,0.6368196,1.7285757
1335,-1.1360011,6.421684
1336,-2.5119877,-1.6262811
1337,3.377831,4.5456047
1338,-1.2051585,2.2810335
1339,0.62282807,0.8583363
1340,0.59980094,0.58895063
1341,2.8723207,3.538558
1342,3.6116323,-1.0458305
1343,-3.7456648,-3.1497388
1344,-1.8327132,0.35625142
1345,-0.8765975,2.3755462
1346,1.2496241,1.1112572
1347,3.0152152,0.14411186
1348,-0.4277599,6.501927
1349,-4.2289543,-2.1532316
1350,0.59506077,-3.5206897
1351,0.75897914,4.550198
1352,5.228246,1.9418055
1353,-0.4508673,-1.806752
1354,0.5291067,-1.9844784
1355,-4.3964133,-2.2182202
1356,-3.1248603,5.751268
1357,0.19253732,3.7883785
1358,2.4202092,3.7770379
1359,2.446827,5.6806903
1360,3.7282388,2.7898433
1361,-1.0826762,6.455796
1362,3.9145133,-0.78105724
1363,-4.762458,0.19852017
1364,3.0934696,-0.96909726
1365,-3.1979048,-2.7965012
1366,-0.74379826,0.8122387
1367,-2.1356175,5.9721584
1368,2.4568932,5.6545277
1369,-3.6523557,0.2915944
1370,4.2394247,-1.2419386
1371,2.4012465,1.2413538
1372,-3.8049316,3.512473
1373,1.7420402,3.394119
1374,-4.8997498,4.626508
1375,-1.3492591,1.8155001
1376,-3.420616,-0.5961537
1377,4.4653525,3.076518
1378,-0.16576344,4.6381187
1379,2.4486365,-0.54511243
1380,-2.1273744,-3.6638074
1381,-0.65935165,0.56851923
1382,0.070403636,-1.8925947
1383,-2.4632387,-3.4732482
1384,-1.4997585,-3.7380025
1385,2.4960716,4.320958
1386,2.5447717,5.561137
1387,1.0184516,-3.6252286
1388,2.7484303,0.21675724
1389,-2.510868,4.534845
1390,2.2436416,3.777831
1391,3.34262,3.1718307
1392,-3.8108835,-2.1918595
1393,3.3803918,3.6169558
1394,-2.25326,-1.8463073
1395,2.2649183,1.1967741
1396,-0.41967732,-1.8455964
1397,-5.0959973,2.5165417
1398,4.8866386,1.6719242
1399,-2.6137955,5.6366324
1400,-3.0985408,-3.2436051
1401,4.1944084,4.1340737
1402,-4.1569924,-2.981014
1403,-0.03004938,3.9234202
1404,0.97188884,-1.6900969
1405,-0.20649016,4.2625203
1406,3.1392727,-2.7010922
1407,-4.2274547,4.6269693
1408,-3.322113,-3.3730862
1409,-3.594157,2.495289
1410,3.6880646,4.6897345
1411,-3.001562,5.131655
1412,0.9405642,3.4723585
1413,2.6429179,-0.45617604
1414,-0.2446711,-0.6014817
1415,-3.0534918,-3.3989878
1416,-4.9084783,0.056710422
1417,4.217611,3.7298393
1418,-3.3045964,5.6803374
1419,-3.4573107,-3.053913
1420,4.5517874,-1.0180802
1421,-2.0516224,-1.6738333
1422,-0.9866481,0.027558742
1423,2.4658492,5.5332375
1424,4.933518,2.0988023
1425,-5.8965406,0.5330544
1426,2.1430626,5.817161
1427,-4.7137113,-1.8985884
1428,-1.1396091,2.231495
1429,4.643766,-0.89856595
1430,-0.51483995,3.8996394
1431,-4.498768,0.96917474
1432,-1.2632239,-1.203776
1433,0.2940026,0.39609793
1434,-3.3627923,1.9767369
1435,-3.3455656,-3.4353209
1436,2.9728277,4.5439925
1437,-4.761026,4.573394
1438,3.7708306,-2.258852
1439,-4.552422,-1.5157146
1440,2.4069338,-0.89881825
1441,-0.08686144,3.5089602
1442,2.531695,5.5318184
1443,-1.4005797,-4.3170953
1444,4.86618,2.3406165
1445,-0.33772373,0.03856817
1446,4.4167943,-1.1714672
1447,-0.15664189,-1.0560462
1448,-5.031601,2.212678
1449,-2.0140421,5.421201
1450,-1.9063822,6.189932
1451,-2.619268,-1.7093291
1452,3.0025198,3.4510124
1453,-3.4043176,0.6626244
1454,1.5378863,1.1996027
1455,-5.2045736,1.540937
1456,-3.633326,2.0884223
1457,0.2698037,4.7778244
1458,-1.4558878,5.793792
1459,-5.5446644,0.42548066
1460,-2.0670016,4.312495
1461,2.7532558,5.1117263
1462,-2.2423553,5.0427237
1463,3.7803447,-0.9830371
1464,-4.3947616,-2.786923
1465,3.1552017,3.995209
1466,0.69625753,-1.9010181
1467,2.4662478,-2.861663
1468,-4.204694,0.38178274
1469,4.8753214,2.1646369
1470,2.214578,5.6422405
1471,-0.61015457,-0.82395035
1472,2.596029,4.42251
1473,-2.1029494,4.765777
1474,-4.4237356,-2.412755
1475,-3.9296136,-0.069899686
1476,-1.0195293,0.9447772
1477,2.560104,-2.0074935
1478,3.9796178,4.376388
1479,-2.4966617,5.3782997
1480,-2.1729107,4.273853
1481,-1.5332342,5.767743
1482,0.8971066,6.182477
1483,2.59407,-0.9605625
1484,-5.228901,2.622963
1485,-2.3590853,-4.028359
1486,-4.171678,4.7712393
1487,-4.147167,0.4369575
1488,-1.318709,5.6831646
1489,-1.584059,-3.397588
1490,2.8965006,2.023382
1491,0.48499978,2.1004856
1492,-0.7660817,-0.26239684
1493,-1.9386338,4.491212
1494,-6.0755186,0.7237153
1495,-4.7314334,0.15441081
1496,-0.5543635,0.022242282
1497,-4.951861,-1.1750481
1498,-4.2878404,0.22385022
1499,-5.119555,3.6942818
1500,-2.9661844,5.7323084
1501,2.9641423,5.124615
1502,-4.9179716,3.1829112
1503,-2.0299544,-3.7581193
1504,4.771977,1.8109405
1505,0.19304433,6.3733783
1506,-3.9762506,2.2982144
1507,-0.3649315,1.9237857
1508,4.5233507,-0.11575759
1509,-4.505374,4.303789
1510,3.5065377,2.0499358
1511,-2.5908132,4.158879
1512,-1.9916232,6.11286
1513,3.2788234,0.032787926
1514,-2.010647,4.3550005
1515,-1.158383,-3.6975696
1516,3.5861216,-0.13661946
1517,3.1658046,3.584343
1518,2.8581002,-1.9824826
1519,-2.148256,4.025243
1520,-3.2837079,5.678752
1521,-0.44748935,2.270662
1522,0.97698736,-3.5667999
1523,-1.0675136,0.91133475
1524,-1.3736289,-1.1120863
1525,-2.7002327,5.901852
1526,-5.2000256,-1.0131009
1527,0.61560625,-3.1200728
1528,0.39131406,-1.7219263
1529,-3.2757716,-1.9662857
1530,-0.24782953,1.8181595
1531,2.4790397,2.200569
1532,-1.3109426,-2.1906524
1533,-0.86673516,5.7306867
1534,3.7182968,-1.1433977
1535,-3.295605,1.5431122
1536,3.164258,-2.175252
1537,-5.1895046,3.4749663
1538,0.5831282,-0.06718965
1539,-4.0683556,-1.9565741
1540,-1.6709013,6.229502
1541,3.0295637,-1.5583982
1542,-0.35276705,1.8422039
1543,0.95038825,-2.0932353
1544,3.3022726,-2.6664817
1545,1.9347394,-1.2544528
1546,1.5139271,2.5337844
1547,4.810763,-0.3498829
1548,-1.3062906,6.041705
1549,-3.5711706,-0.60038376
1550,2.9163961,-2.4425106
1551,-4.7316356,4.980928
1552,-2.0975475,3.982842
1553,2.7909143,5.464839
1554,1.5008258,5.082226
1555,1.4574983,-0.5694152
1556,-1.5385529,-2.4435592
1557,-5.278987,2.5573747
1558,2.9193635,5.210118
1559,-1.2303945,-3.892593
1560,1.4774232,1.6232047
1561,0.21033365,-3.5227017
1562,-3.6903625,2.6058712
1563,4.710387,0.5620795
1564,3.471035,4.7725153
1565,2.3295164,5.167458
1566,1.4502797,4.123728
1567,-2.3067222,4.3138876
1568,2.867749,-0.6292642
1569,0.89254797,2.298193
1570,-5.0530353,-1.4595131
1571,-3.866842,-2.3556757
1572,3.77248,-2.29261
1573,-2.9487712,-2.2100735
1574,-0.9504635,6.596305
1575,-1.4963518,1.3238142
1576,3.096197,-1.2294785
1577,-1.3401356,5.699688
1578,3.5263305,-2.5833817
1579,-3.574332,-2.7921288
1580,-0.25355864,-3.8575056
1581,2.737347,5.3560433
1582,3.1451867,3.787066
1583,0.22046667,-3.2930257
1584,3.1287231,-2.78434
1585,2.4244282,0.8095074
1586,2.7294369,-1.5983132
1587,-3.869676,0.5519499
1588,-1.0651218,-4.3508186
1589,-0.6743643,0.7709614
1590,2.9895525,5.1031218
1591,1.1120831,2.879811
1592,-1.7065799,1.9916847
1593,-5.189412,0.7843917
1594,-3.836521,5.435398
1595,4.958507,1.8302274
1596,4.256213,3.026556
1597,4.720704,0.78767693
1598,-4.051617,4.5498247
1599,2.4250457,2.1992722
1600,-3.300807,0.13545778
1601,3.063977,0.13728824
1602,0.6053221,4.8084745
1603,2.2726457,3.6194746
1604,-2.1282089,5.9977837
1605,-1.7350146,6.154495
1606,-3.3093822,-3.2339826
1607,-4.726457,-1.6652536
1608,-3.8434215,3.8263993
1609,0.040330935,-0.52957475
1610,-4.6917334,-2.4075775
1611,-3.7933376,3.2744837
1612,-1.8050926,2.1305218
1613,-1.0542213,5.6196685
1614,-1.660288,-2.5098536
1615,0.7099901,-2.719086
1616,-5.891085,0.5014545
1617,-2.3065016,1.2082325
1618,2.9030287,1.2602589
1619,3.6385775,1.9139966
1620,-0.83492523,0.9419537
1621,3.9457812,-1.1866306
1622,-0.39163402,-0.22359164
1623,-3.3616521,4.9205337
1624,-3.919547,-3.086331
1625,-3.7688072,2.6733475
1626,-3.8483927,0.65227807
1627,2.1665149,5.494778
1628,-1.6305567,2.2049398
1629,-2.7063956,-0.8910742
1630,-4.668193,1.9563648
1631,-3.899657,0.4866843
1632,-5.2720323,-0.23855044
1633,-2.1864552,-3.9499793
1634,-3.1772535,-2.078946
1635,-4.76721,1.6670355
1636,3.0896013,-0.12336904
1637,-5.2168274,2.4490716
1638,3.9220443,1.8731595
1639,-6.1423903,0.68014383
1640,-3.3081884,-1.337505
1641,1.5052415,5.8008246
1642,0.48893464,3.9129324
1643,0.36574784,6.1217637
1644,2.016551,-1.1977005
1645,-3.9479744,4.9812293
1646,-3.652424,3.851333
1647,-0.54846907,-4.1096907
1648,5.073263,2.6331499
1649,0.5665063,0.4013114
1650,1.4698466,3.1346357
1651,1.2687252,-2.260246
1652,-0.7133554,2.3107073
1653,-2.4376428,4.010963
1654,0.8052865,-3.4261177
1655,-0.7159257,1.3762524
1656,-4.594189,1.6675508
1657,-5.091862,-0.7605369
1658,3.5058682,-2.52295
1659,0.9308025,4.699996
1660,4.1501713,-1.6191458
1661,1.9730607,1.2837512
1662,-0.0062138895,4.610497
1663,3.699767,-0.38915798
1664,-3.6622999,-1.0290717
1665,-5.4843664,-0.050599564
1666,-4.9106874,0.25534466
1667,2.66788,4.4378242
1668,1.0940241,2.53299
1669,-5.15487,1.2187291
1670,-3.208394,-1.5105047
1671,-1.0196251,-3.5708919
1672,-2.370652,-1.4274546
1673,0.19230478,-3.8604088
1674,-0.5437153,0.6285531
1675,2.3477104,1.6213224
1676,-4.9308777,-1.8029805
1677,-0.32863632,-0.77279097
1678,3.254613,3.6558945
1679,-3.5107644,-1.2515697
1680,2.9819043,-0.19509958
1681,-1.7755663,-2.3081489
1682,3.8563488,-2.0935683
1683,4.8576756,0.6428196
1684,0.31166407,2.8134668
1685,-1.1433858,0.5549671
1686,-1.7597636,5.8411064
1687,1.2669531,6.1371
1688,4.3658905,-0.875371
1689,0.5007261,-3.137198
1690,-5.2018485,1.5212545
1691,4.5667257,0.31168112
1692,1.5999036,3.5049183
1693,0.5643127,-2.621935
1694,2.3805087,-2.6446052
1695,-2.1652286,0.26096335
1696,-5.004018,-1.7127414
1697,-0.24763007,-0.75876343
1698,5.08574,-0.20686054
1699,0.6569352,0.06947903
1700,1.3458459,6.0996118
1701,2.7863305,0.2283618
1702,-4.106441,-1.876791
1703,1.6206983,5.7934623
1704,4.5977454,0.8617761
1705,1.028175,6.245422
1706,-0.9188033,-0.65007156
1707,-0.43426102,1.8318155
1708,1.1992939,2.625347
1709,-1.4822575,0.2712407
1710,-4.266222,-0.014120425
1711,2.5530717,5.5972195
1712,-1.1290729,-3.735119
1713,-3.239346,-1.3879843
1714,-3.3639336,-3.3810568
1715,-5.3607683,-0.6304876
1716,4.9172645,0.5352653
1717,-2.2473688,-4.028228
1718,-2.0646803,5.7038846
1719,2.8162355,5.2327976
1720,-5.096194,4.107988
1721,-1.163511,-1.01419
1722,2.013148,5.8373437
1723,-3.660962,4.724737
1724,-2.0630388,5.0876827
1725,-3.7016525,4.15321
1726,3.265192,0.5351259
1727,-4.0916967,-0.17155667
1728,-4.183344,5.0748625
1729,2.6053667,5.3885245
1730,-4.7495713,2.1265373
1731,-0.31586963,-0.18865348
1732,-2.2151494,-1.0452285
1733,-6.165897,0.74937767
1734,-4.842005,4.8964615
1735,-3.1517994,5.5093718
1736,1.0508828,0.52101344
1737,-5.280956,3.233444
1738,-1.2973506,0.4163428
1739,3.8898716,-1.5004684
1740,4.89961,0.49010512
1741,-4.659345,-2.4259355
1742,2.3361466,5.6420813
1743,-4.151139,4.6151495
1744,2.4888573,-0.9078546
1745,4.945512,2.7565613
1746,2.927019,0.27817523
1747,0.92935324,2.4611871
1748,-1.0968851,5.88592
1749,-4.643854,4.9085293
1750,3.2775257,2.36963
1751,-4.904755,0.20565255
1752,-3.7434618,5.51464
1753,-0.39304045,1.4595131
1754,2.6832175,0.7539355
1755,4.0387526,-1.8615751
1756,-4.9177175,-0.74270904
1757,-2.421915,-2.9452815
1758,-1.0352408,-1.5824286
1759,-2.7487924,-3.3694534
1760,-6.1086116,0.82849354
1761,-5.081618,4.299606
1762,-5.24071,4.005204
1763,-3.5691192,4.086651
1764,1.4807168,-3.420723
1765,2.699146,0.33998445
1766,2.797568,5.352376
1767,-3.6164043,2.3786466
1768,5.061607,0.68650585
1769,1.2025484,2.5903442
1770,-3.174281,-1.0669594
1771,2.7471933,-1.743633
1772,1.6663729,3.1989777
1773,3.939736,-1.2705418
1774,-3.4127536,-3.4090931
1775,-4.7233853,-1.9024972
1776,3.0761766,4.4678755
1777,-4.982541,4.4846845
1778,-0.37203375,-0.6695925
1779,-4.4250264,4.975373
1780,2.7102761,-2.9318247
1781,-0.8212663,-4.0802794
1782,4.2417517,2.8310575
1783,2.928368,0.46517375
1784,-3.2741446,-2.0363991
1785,2.7055156,-2.868074
1786,-2.182103,4.165331
1787,1.0323365,-3.5879734
1788,-1.6701064,6.0381446
1789,0.52775115,3.7590182
1790,2.1250598,0.9249897
1791,-4.400179,-2.6071084
1792,1.1392455,1.7387495
1793,0.43193468,4.7444973
1794,2.893822,1.8217819
1795,2.3383288,1.0531094
1796,-4.040638,0.5206394
1797,-1.2905593,-4.3116517
1798,1.1998031,2.5624847
1799,3.7239797,2.863334
1800,3.5020657,-2.5437455
1801,-2.3266728,-1.195515
1802,4.326193,1.3363457
1803,0.6501512,4.3045325
1804,-6.139209,0.6983018
1805,-3.209564,-2.5563889
1806,1.5719868,-0.4590425
1807,0.64462596,-2.6391895
1808,-4.7055306,4.8984175
1809,0.8424343,-3.0046868
1810,1.3004403,3.9201725
1811,-1.6090682,-4.137492
1812,-0.4840449,5.529816
1813,-2.7666216,-2.33796
1814,3.3223307,-2.238055
1815,1.9517043,4.2678046
1816,-4.431395,-0.56485814
1817,-1.644097,4.566731
1818,1.7706304,-2.511324
1819,-1.070096,1.1285994
1820,-1.6886446,1.8137851
1821,1.9107821,1.6890802
1822,-3.601695,2.3644714
1823,-4.462572,0.31155375
1824,-0.5495361,1.7233073
1825,0.2045611,5.289107
1826,3.73389,3.8568656
1827,2.552484,4.4060626
1828,-3.256309,-3.525443
1829,1.216196,6.038685
1830,-4.1068635,4.6562443
1831,-4.214657,0.21733229
1832,-0.06730575,-1.7655362
1833,-0.93453455,6.5766563
1834,0.60936815,1.1858546
1835,-1.8820024,5.7217617
1836,-1.2854112,-3.8600488
1837,4.7109113,0.23911898
1838,3.0652409,0.022694245
1839,4.747237,1.6437522
1840,4.6318026,2.7403104
1841,1.2211074,-0.4446975
1842,4.8643484,2.0280807
1843,-4.129799,-2.2202415
1844,3.865997,-1.5516968
1845,3.966305,4.5092053
1846,-4.325626,-2.7417498
1847,4.033239,1.4696933
1848,-3.1224358,4.3399568
1849,1.5270079,2.6724126
1850,3.4359682,-0.6093274
1851,-1.6407909,4.7837625
1852,-0.6670103,0.5390893
1853,-1.9017459,-2.2649128
1854,0.9342309,-1.9854963
1855,-3.2444654,0.7794118
1856,0.7780431,-1.8553165
1857,-5.7460546,0.6323221
1858,-3.4018896,4.7024198
1859,-3.5931802,4.6180396
1860,0.5737983,-1.7195692
1861,-1.1949757,6.548024
1862,-2.46496,1.0334265
1863,5.093091,2.4607112
1864,1.523102,-2.503712
1865,-5.056318,0.32529855
1866,3.230839,4.936186
1867,4.1580787,3.5484827
1868,-2.586265,-3.1548495
1869,4.3390646,-0.041205063
1870,-5.229758,3.8117824
1871,1.4256623,6.0778513
1872,-0.11894419,-1.2077407
1873,3.122793,-0.11985782
1874,0.73522896,-2.6016388
1875,-5.23257,2.8568368
1876,-4.050219,-2.63408
1877,2.0538151,3.8294187
1878,-1.6607327,1.5977023
1879,-3.8053553,3.9022684
1880,4.7728357,3.1094217
1881,-1.3470762,5.3530383
1882,0.7244814,2.4370382
1883,-1.9927592,0.95056343
1884,-3.0648468,-1.8302511
1885,5.017861,0.4716795
1886,-3.9206972,-2.777197
1887,-0.5202863,-3.619038
1888,-4.8860354,3.6967678
1889,-4.5916977,4.930782
1890,2.675463,-2.1681385
1891,-0.083764784,0.9180703
1892,2.0948517,-1.9585161
1893,0.46207333,6.366668
1894,0.5577554,-0.14228815
1895,-0.57143056,6.4142094
1896,4.341692,-0.013794918
1897,-0.79724246,5.570119
1898,0.16982938,4.581676
1899,-1.0194563,0.25244227
1900,-4.646264,4.93701
1901,-3.5891771,2.3484125
1902,-2.1615517,1.834279
1903,1.014271,-1.750868
1904,-2.9074795,-3.2953887
1905,-0.036593135,2.893569
1906,-1.9589711,-2.9963133
1907,3.9092166,-1.1288104
1908,-5.3874993,-0.28587323
1909,-3.3725808,4.5790462
1910,-5.2938433,3.1502247
1911,-2.6399624,-2.187288
1912,-5.3722286,-0.4294936
1913,-2.5821702,4.2492623
1914,3.2175322,-1.033325
1915,-2.1212723,5.78431
1916,-1.7964236,1.8860822
1917,4.933207,-0.39492074
1918,1.8070347,3.6760893
1919,-4.3831134,-1.2138172
1920,-1.3209676,-1.1282163
1921,-0.9995252,6.552269
1922,-0.8296571,-3.942373
1923,-2.163529,6.08002
1924,4.374754,2.9860277
1925,-5.228825,1.235465
1926,4.3118167,-0.95832634
1927,-4.652723,4.887644
1928,4.079293,4.292642
1929,-4.1679244,-2.3852563
1930,4.6520433,0.70708233
1931,-0.80333966,5.629487
1932,0.0834235,-0.5734462
1933,5.041898,2.708136
1934,-3.2370014,0.47515923
1935,-0.5134418,-0.44129622
1936,-1.0563444,6.5894456
1937,5.068182,2.539548
1938,1.0082848,-3.617652
1939,-3.5163562,4.3861575
1940,-1.2408899,5.5929565
1941,3.2202055,3.840335
1942,-3.0629911,-3.5390978
1943,-6.026984,0.6130105
1944,-5.912879,0.501549
1945,-5.790224,0.45490745
1946,0.37271735,0.044719435
1947,-5.1220555,2.338563
1948,5.1035028,0.30018848
1949,-2.007041,-1.2229203
1950,2.6451895,5.000081
1951,-1.6253408,2.4865022
1952,0.60118395,-3.6624813
1953,3.5702367,0.7187331
1954,0.22701266,1.0543164
1955,4.119633,-1.2638173
1956,-4.9061294,-1.607429
1957,-4.4197183,1.7738771
1958,-4.4078064,-2.1829393
1959,-1.702309,-2.408239
1960,2.7580268,1.2124172
1961,1.2555555,-3.3838134
1962,4.020837,4.3247027
1963,1.0927762,0.84761566
1964,-2.650636,-1.0320714
1965,-0.9208934,5.5985775
1966,2.9409773,4.275788
1967,1.1047843,1.0537089
1968,-3.45047,2.661933
1969,-5.114842,-0.6130871
1970,-2.6301892,5.4227448
1971,-3.1580453,-3.0854871
1972,-4.9118156,4.5437136
1973,-4.374376,4.4448786
1974,-4.5127788,-1.688816
1975,4.6578217,2.4510472
1976,-0.5583251,-4.1629076
1977,-4.86873,-0.19745754
1978,0.38180506,-1.5636135
1979,-2.5793848,5.7402105
1980,-3.72337,0.6854025
1981,0.131789,4.454442
1982,-5.5702357,0.037092116
1983,1.1056837,4.1307907
1984,1.134252,-2.768883
1985,-1.911037,4.292778
1986,-3.641065,0.28378433
1987,0.59138125,6.3926134
1988,-1.6355088,5.795385
1989,3.9116468,4.346523
1990,-4.4820356,1.4526515
1991,0.64280385,-2.4911911
1992,-5.262912,-0.87717843
1993,-4.388049,0.33690646
1994,-4.173563,-2.3543787
1995,-4.525528,1.6907669
1996,3.038904,3.320775
1997,4.741129,0.56453645
1998,-4.4116273,5.004143
1999,4.9924154,2.7814286
2000,-8.794855,8.392442
2001,2.5948083,-9.28306
2002,-9.504286,-4.616946
2003,-7.314495,9.6686325
2004,3.2163823,11.863057
2005,8.621272,7.7729325
2006,-9.218083,7.992277
2007,-6.489589,-7.623868
2008,-2.4163356,12.1479025
2009,5.35595,10.911487
2010,-11.183939,4.837232
2011,-9.825256,-4.1655803
2012,8.86679,-4.867995
2013,-10.772392,5.572444
2014,-4.6500688,11.4688835
2015,-4.569329,11.542618
2016,3.8290012,-8.84314
2017,-11.394992,-0.47257617
2018,8.539154,7.8263464
2019,-11.356333,-0.7194359
2020,-8.591704,8.530729
2021,9.605856,5.8675833
2022,9.305504,6.533346
2023,-6.089812,10.499113
2024,2.3886285,-9.3100815
2025,-10.25027,6.632248
2026,-10.754819,5.5890856
2027,-8.897168,8.300475
2028,-6.9007607,-7.319336
2029,-1.1969471,12.420718
2030,10.402836,2.5302339
2031,-4.829982,-8.586426
2032,10.037648,4.6348343
2033,-5.5447545,10.828224
2034,1.9093705,-9.435505
2035,-11.562267,-0.35851035
2036,8.580139,-4.9913635
2037,-4.4742136,11.432335
2038,10.2548685,-0.3152632
2039,-11.648213,2.8581939
2040,4.718948,-8.34326
2041,1.5897183,12.258745
2042,-6.361588,-7.61879
2043,-1.4368023,12.320189
2044,-10.410353,-3.150312
2045,-5.083037,11.220504
2046,7.475888,-5.878284
2047,10.207254,4.255036
2048,10.044343,4.7469234
2049,-0.73748887,12.405675
2050,-5.566564,10.895127
2051,9.685203,-2.3391516
2052,10.012784,-1.56534
2053,1.2909251,12.355221
2054,-0.7256296,12.373801
2055,-6.7005305,-7.4753203
2056,9.9640255,-1.785968
2057,6.145324,10.380797
2058,9.839398,-2.1871943
2059,8.658748,7.7192116
2060,6.4517756,10.101531
2061,-0.096208975,-9.657725
2062,5.614242,-7.708349
2063,10.566654,1.7493619
2064,0.101087295,-9.600623
2065,-7.082923,9.85105
2066,-9.469479,-4.660699
2067,-11.686204,2.5275273
2068,-2.4580488,12.130003
2069,3.3529868,11.851812
2070,-1.5265949,-9.561188
2071,3.119023,12.003383
2072,-11.73921,1.8372996
2073,-4.380832,11.481066
2074,10.360683,3.0638196
2075,-3.0727816,11.95977
2076,-5.5086155,-8.219314
2077,8.724808,7.532302
2078,10.377015,2.3822577
2079,0.39643753,-9.56516
2080,-10.100628,6.8941298
2081,-11.701284,2.3616078
2082,10.345839,1.6904061
2083,-9.3709,-4.8080835
2084,8.6649,7.7266865
2085,-10.966804,5.250962
2086,0.10962446,-9.635214
2087,-11.553141,3.3255763
2088,7.2269726,9.497256
2089,3.8448455,11.692964
2090,-9.727114,7.3463597
2091,-11.347063,-0.5547091
2092,1.0240402,12.355922
2093,4.852248,-8.30441
2094,9.169803,6.8377686
2095,-9.711376,7.3501263
2096,-7.8304553,9.230461
2097,-8.983731,8.203553
2098,10.432355,2.034599
2099,-11.502749,3.6642673
2100,-9.621527,-4.5752974
2101,-6.658112,10.145728
2102,5.286101,-8.029035
2103,-7.6712832,-6.5489354
2104,-1.606832,-9.365587
2105,4.13837,11.541719
2106,6.626171,-6.9296975
2107,2.443252,-9.307168
2108,-4.5059214,-8.677101
2109,-7.1543326,9.801448
2110,9.341377,-3.2821162
2111,-11.436983,-0.33228427
2112,3.0382676,11.943101
2113,-2.323406,12.110938
2114,-1.2224771,12.346555
2115,10.243278,3.9323244
2116,-8.913168,-5.345754
2117,-11.102407,4.7438874
2118,2.1002018,12.226268
2119,-4.751026,11.387928
2120,10.100711,-1.0158263
2121,-11.636156,2.847665
2122,7.321202,9.579031
2123,5.6243253,-7.7779293
2124,8.771461,-4.660758
2125,10.020236,4.7537723
2126,-9.366066,-4.7832913
2127,3.6205418,-8.879641
2128,-2.7023847,-9.206646
2129,-7.506022,9.511644
2130,-1.2009633,12.349989
2131,4.770391,11.256012
2132,-1.7605823,12.274212
2133,10.303543,0.24640451
2134,-5.0676622,-8.495677
2135,-5.674851,-8.18173
2136,3.0803978,-9.086533
2137,-1.8495587,12.205285
2138,9.994021,4.979922
2139,8.425009,-5.432401
2140,-7.1634016,-7.010923
2141,10.356548,2.9367547
2142,-7.749924,9.309467
2143,-6.8443656,-7.361288
2144,0.98718196,12.388987
2145,-0.36434692,12.381792
2146,4.243095,11.514792
2147,-5.071241,-8.4807625
2148,-4.337106,-8.739143
2149,-7.358689,9.628743
2150,4.999772,-8.180737
2151,-2.7317204,-9.204165
2152,-10.008325,6.9887094
2153,10.244376,4.236913
2154,4.757264,11.2526655
2155,-11.340082,4.179566
2156,-10.382617,-3.1812165
2157,-11.764263,0.5925414
2158,-9.424653,-4.8919373
2159,-9.161603,8.021453
2160,-2.8308144,11.959104
2161,1.4468181,-9.511905
2162,-11.268519,4.5757527
2163,0.9988314,12.459081
2164,-11.189426,-1.1276793
2165,10.197473,-0.514631
2166,6.6819954,9.961746
2167,5.349804,-7.987594
2168,-11.567356,0.102779105
2169,-10.058193,6.8446984
2170,-11.656718,-0.14198436
2171,-1.0057849,12.383287
2172,5.2827578,-7.921848
2173,-8.609763,-5.665525
2174,10.395353,2.7294085
2175,7.4365873,9.419207
2176,6.6526694,-6.8916235
2177,-4.45596,-8.716524
2178,-6.883762,-7.3382616
2179,-6.715911,-7.4515724
2180,-4.266471,-8.778662
2181,5.092882,-8.151308
2182,4.6136875,-8.4049225
2183,-11.597,-0.33860165
2184,1.5074167,-9.468706
2185,-11.329851,-0.77688175
2186,-3.1002119,11.938284
2187,8.368,-5.526478
2188,10.275844,0.32322407
2189,-5.5850086,-8.188745
2190,-1.9173915,12.239009
2191,4.71039,11.270425
2192,-0.88545185,12.444019
2193,3.1693451,11.877426
2194,-11.600671,3.1399908
2195,-11.666877,0.8430422
2196,-9.207473,7.9986663
2197,10.022792,4.855496
2198,-5.2741704,-8.3719015
2199,2.7539825,12.023419
2200,7.5354676,-5.7319226
2201,-11.705784,2.1981554
2202,-10.844351,-1.9956725
2203,5.0818133,11.050545
2204,-0.07914288,12.37059
2205,4.9785113,-8.185262
2206,7.0935793,9.453779
2207,10.142355,4.2253428
2208,10.349552,3.122768
2209,-1.1581765,-9.612329
2210,9.716531,-2.6388764
2211,5.770553,10.628303
2212,-0.12922402,-9.641132
2213,8.801059,7.4351482
2214,9.049688,6.9766197
2215,7.72562,8.930255
2216,3.1224759,11.990972
2217,0.7585466,-9.55712
2218,-5.139827,11.037582
2219,7.5959525,9.03559
2220,-1.1788944,-9.549411
2221,-11.039973,-1.5052345
2222,10.287961,0.18996824
2223,-11.702487,2.189389
2224,4.896542,-8.25167
2225,9.310967,-3.158835
2226,-4.6578164,-8.643855
2227,3.7784266,-8.811514
2228,8.443714,-4.536524
2229,9.066218,-4.2175674
2230,9.744147,-2.49671
2231,-7.3962574,9.596582
2232,-7.4035745,9.592271
2233,-0.0137511855,12.373082
2234,9.310721,6.543956
2235,-3.601624,-8.982092
2236,-9.1021,-5.1399865
2237,-9.955715,7.0609818
2238,10.781051,0.75192934
2239,-2.797253,11.949644
2240,-4.9253445,-8.546439
2241,-11.805969,1.4432285
2242,-8.175313,8.946691
2243,10.272884,3.6278512
2244,-0.057352945,12.36691
2245,-10.314907,6.562351
2246,-10.038867,6.9718757
2247,-1.2618752,12.387841
2248,8.392969,-5.559917
2249,-5.735792,-8.112162
2250,-10.235004,-3.4550998
2251,7.4109006,9.460509
2252,0.15726845,-9.580663
2253,1.965368,-9.420836
2254,-4.223458,11.6014595
2255,9.962996,5.009075
2256,0.66137284,-9.548134
2257,-0.19513202,-9.601076
2258,3.68876,-8.852586
2259,6.7771373,9.886751
2260,2.8514032,-9.203795
2261,4.5887213,-8.430588
2262,-9.591785,7.5237584
2263,8.667343,7.710268
2264,-11.665468,2.6787858
2265,-5.2527275,10.984366
2266,4.163679,11.525847
2267,9.333311,-3.1177807
2268,-7.689422,9.370662
2269,4.672586,11.286021
2270,-2.0668468,-9.396905
2271,-5.563052,10.810983
2272,-1.4070706,12.3231325
2273,9.696881,-2.5646138
2274,-2.2768407,12.128318
2275,-4.483176,11.464972
2276,-9.395904,-4.7040987
2277,-11.758859,1.7818424
2278,-11.3751745,3.9762774
2279,10.224665,3.9306748
2280,-6.847865,-7.3057556
2281,-11.261279,-0.76075804
2282,-7.5709114,9.459923
2283,1.2316906,-9.536496
2284,-8.0123825,-6.2327094
2285,4.4384317,-8.558767
2286,-3.879805,11.617293
2287,-0.5254623,12.3444395
2288,-3.8152049,-8.924198
2289,-11.798512,1.1359398
2290,10.370281,2.997459
2291,-11.335693,4.4034767
2292,5.488879,10.818284
2293,10.207548,0.6281594
2294,10.328153,-0.31486833
2295,-11.426948,-0.6126064
2296,6.6651506,9.89956
2297,-8.765661,8.419502
2298,-4.7095404,11.422892
2299,-9.879619,7.101945
2300,1.4807748,12.42997
2301,9.72163,-2.6105928
2302,-11.039807,5.0668955
2303,-10.745644,5.6918664
2304,-6.989635,-7.1640034
2305,-11.782347,0.81248426
2306,8.264392,-5.6381364
2307,9.389699,-3.0751228
2308,-9.4098,7.711657
2309,10.414429,2.0997713
2310,8.869054,-3.8246694
2311,1.0888962,12.461607
2312,-9.647799,7.465462
2313,-4.756219,-8.602829
2314,-11.613879,-0.42969647
2315,2.9257765,12.069044
2316,0.15004121,12.368237
2317,5.8053036,10.611831
2318,9.652655,5.556175
2319,-7.1493673,9.779708
2320,-11.687525,2.2884543
2321,10.292685,3.5529265
2322,10.169882,4.210609
2323,10.083659,4.4614635
2324,7.769293,-5.168859
2325,3.6276717,-8.8953905
2326,-8.172289,-6.0843606
2327,-5.5317287,-8.205082
2328,6.6193104,9.963413
2329,-8.8480015,8.34534
2330,-9.634738,-4.4176774
2331,8.570863,7.8754306
2332,1.0843207,12.431089
2333,5.2225676,10.986078
2334,-11.670222,1.669515
2335,-11.69054,2.5016868
2336,3.040432,12.027769
2337,-5.0559654,11.239781
2338,4.6416197,-8.390511
2339,-11.735542,1.4785789
2340,5.549167,-7.81093
2341,10.774904,1.1430796
2342,4.950362,-8.248251
2343,5.7994723,10.581074
2344,0.7977264,-9.569406
2345,4.4688606,11.392109
2346,-3.836074,-8.92472
2347,10.213439,3.8613944
2348,-3.014866,11.978308
2349,10.929693,0.9480018
2350,4.013678,11.599783
2351,5.9598455,10.486648
2352,3.06709,12.023613
2353,-8.343644,8.793934
2354,6.537377,-6.967318
2355,-1.3959496,12.413546
2356,-11.182357,4.905422
2357,-9.617477,-4.4431086
2358,-11.574039,3.2825644
2359,8.263144,8.2384615
2360,-0.1501134,-9.598178
2361,-2.8213923,-9.189876
2362,-10.107526,6.8465567
2363,8.565513,7.86487
2364,-10.008115,6.928633
2365,-11.58215,0.59922963
2366,-10.492926,-3.0189006
2367,2.9396508,-9.14317
2368,7.387579,9.5003805
2369,8.550939,7.806658
2370,9.315643,-3.5813744
2371,5.6712017,-7.731072
2372,-6.6656756,-7.5092893
2373,1.6339006,12.392724
2374,8.329909,8.152328
2375,8.424418,7.9899726
2376,-8.418037,-5.862027
2377,2.104171,12.242655
2378,-11.691299,0.32166973
2379,5.368595,10.87734
2380,7.4573956,9.224913
2381,4.283031,-8.647835
2382,9.548605,-2.8673587
2383,2.6177535,-9.237739
2384,2.2291925,-9.340603
2385,3.1299887,12.008092
2386,-7.9420557,-6.2951293
2387,-11.502795,3.9120185
2388,9.766382,-2.4567232
2389,8.016565,8.55853
2390,-5.1968913,-8.387027
2391,2.9471357,-9.137321
2392,3.4561493,-8.972199
2393,3.4661021,-8.93801
2394,8.954448,-3.8410072
2395,10.133883,4.5219536
2396,-11.707342,2.1481547
2397,-4.57741,11.49409
2398,-5.4830995,-8.252523
2399,9.516217,6.115576
2400,3.0948832,11.999904
2401,-6.9113755,9.979562
2402,10.051731,4.560094
2403,9.238438,6.678734
2404,-9.214656,7.973249
2405,-4.2210536,-8.802829
2406,-11.223693,4.6932483
2407,-1.192636,-9.636395
2408,-7.7247896,9.327821
2409,-6.5279903,10.232573
2410,7.028216,9.66405
2411,10.337155,3.2633197
2412,-9.414015,7.6885424
2413,5.7668953,10.606975
2414,-5.886161,-7.9824457
2415,-10.237602,6.5769405
2416,5.6837153,10.696463
2417,-11.207767,4.546586
2418,8.460561,7.983805
2419,-7.2380557,9.721312
2420,9.782231,-2.290256
2421,-11.32028,-0.805574
2422,9.72886,-2.3400304
2423,-10.485942,6.1539946
2424,-10.36963,6.375188
2425,4.4669604,-8.516852
2426,10.430519,0.8061895
2427,-9.461724,-4.806912
2428,7.161731,9.560277
2429,6.824231,-6.676309
2430,1.1021041,-9.532895
2431,-9.980458,-3.9038434
2432,0.44888034,-9.595105
2433,10.283687,-0.13677755
2434,9.294991,6.5086064
2435,-4.211028,11.6296015
2436,-4.6661263,11.48456
2437,-2.8500652,-9.189003
2438,-10.467253,6.1230226
2439,-10.009657,6.9434137
2440,-11.647597,2.842378
2441,-9.574557,-4.5108957
2442,6.7519255,-6.833834
2443,1.7710339,12.391114
2444,-9.501226,-4.7434425
2445,3.5815063,11.7956915
2446,5.2030883,11.0048895
2447,-5.4627776,-8.288992
2448,-3.4774315,11.79023
2449,-11.424838,3.8863811
2450,-1.0916282,-9.611707
2451,3.6073136,11.815188
2452,7.7377753,8.89142
2453,-11.333858,4.1232123
2454,7.690339,-5.5669246
2455,5.1523614,11.012703
2456,-8.840604,8.35879
2457,-8.679852,-5.5513506
2458,-10.549263,-2.8948066
2459,3.8183844,11.708132
2460,-10.742392,-2.244492
2461,2.1041791,-9.375521
2462,10.260546,0.09233611
2463,-9.884548,-4.015317
2464,7.6362147,-5.751255
2465,9.769194,-2.3188286
2466,10.360814,0.6603884
2467,0.5630118,-9.573762
2468,10.257875,0.57752985
2469,4.2996216,-8.563101
2470,6.0375466,10.420556
2471,9.896148,5.277382
2472,10.439113,1.9112824
2473,8.8543415,7.3149734
2474,-1.2562037,-9.591715
2475,10.121754,4.3207703
2476,-9.660923,7.4357653
2477,-5.0668626,-8.426813
2478,3.7633035,-8.80683
2479,-11.063576,4.868009
2480,0.726976,-9.555044
2481,7.4066815,9.491663
2482,-8.652045,-5.603676
2483,4.061746,-8.682562
2484,-2.0835304,12.144904
2485,10.19286,-0.71016973
2486,9.326436,-3.1685908
2487,9.941222,5.102623
2488,-11.696533,-0.27453226
2489,7.4594293,9.389024
2490,-7.254249,9.718135
2491,-1.452051,12.4071455
2492,4.1048803,-8.7190695
2493,6.796272,-6.766371
2494,6.570009,-6.9841757
2495,-11.798301,0.24617398
2496,-1.9601129,12.177528
2497,-11.195184,-1.0613614
2498,-11.55629,3.4670694
2499,2.6125329,12.045542
2500,10.246138,3.8483982
2501,1.6590103,-9.467305
2502,-11.769755,1.5500866
2503,-9.281225,7.8700037
2504,-11.611495,3.108201
2505,-11.400979,3.939789
2506,-3.241177,11.875036
2507,-11.786755,-0.24537058
2508,-3.0418265,-9.141444
2509,8.427669,8.025418
2510,-5.53296,10.811875
2511,10.308501,0.7600336
2512,-5.7147174,10.779738
2513,4.017871,-8.697604
2514,-9.845904,7.2084823
2515,9.890902,4.9759803
2516,0.9085852,12.453771
2517,10.476149,2.0860956
2518,-5.2984796,10.955123
2519,9.260039,6.5728703
2520,10.205685,-0.6208075
2521,-11.262696,4.5410542
2522,-8.155561,8.96014
2523,4.1270666,11.523839
2524,4.9606023,11.128644
2525,-6.144511,-7.8454995
2526,10.244952,-0.09940454
2527,-8.474965,-5.7813506
2528,10.187296,-0.70872974
2529,9.60545,-2.633121
2530,4.060137,11.585441
2531,9.728949,-2.0810413
2532,-11.529281,3.4558432
2533,-5.458281,-8.295291
2534,-0.590224,-9.629419
2535,5.787047,10.6042
2536,10.400223,0.2939169
2537,-9.403741,7.733388
2538,1.4319279,12.426
2539,9.36666,-3.0336561
2540,-1.224076,12.355178
2541,-9.042109,8.154712
2542,-1.228567,-9.606658
2543,-5.535002,-8.246444
2544,-9.413017,-4.8679366
2545,1.787762,12.21897
2546,0.17105885,-9.630636
2547,-11.77862,0.03485887
2548,-5.024713,-8.51116
2549,-11.010445,5.042116
2550,5.482701,-7.857146
2551,-9.297203,-4.9019766
2552,7.8379564,-5.2023563
2553,5.4412446,10.850283
2554,-10.301438,6.4950438
2555,1.5880078,12.250533
2556,6.194743,-7.2106237
2557,8.254847,8.237871
2558,-7.0458035,9.872642
2559,-6.5231776,-7.5284834
2560,9.821391,-1.961928
2561,-6.5224323,-7.517784
2562,4.6107874,11.3244295
2563,5.8246055,-7.5932736
2564,0.63970995,12.343325
2565,-4.786265,-8.545972
2566,-10.312005,6.4130416
2567,-1.5078921,12.264879
2568,10.008824,4.8340664
2569,6.5593896,-6.9942093
2570,10.6927185,0.86060584
2571,-11.134685,-1.260121
2572,-11.739083,-0.07541348
2573,-10.696666,5.750551
2574,-6.5792146,-7.5486803
2575,-6.6964436,10.125061
2576,9.518424,-3.1728094
2577,-0.37944344,12.397919
2578,-11.439514,-0.7013441
2579,-10.536792,-2.9213088
2580,-5.2742195,-8.396264
2581,3.017417,-9.144215
2582,-4.723656,11.364942
2583,3.9438488,-8.791435
2584,3.2923002,-9.021423
2585,10.166583,4.299324
2586,-11.672376,2.5319831
2587,3.7775967,-8.814282
2588,7.193801,9.446473
2589,10.768182,0.9208746
2590,-2.9928448,11.947455
2591,7.565517,-5.6399035
2592,10.41707,2.4129615
2593,-9.218633,-5.0404205
2594,10.30252,0.7073829
2595,9.614073,-2.9813013
2596,4.275647,-8.6381645
2597,7.8740726,-5.157411
2598,10.794901,1.0104307
2599,-5.7590504,-8.091106
2600,5.1221485,11.048453
2601,-4.5829144,-8.648318
2602,10.476922,0.0376239
2603,-9.843779,7.201644
2604,-9.391871,7.7326927
2605,8.85177,7.401034
2606,-11.093964,-1.3554864
2607,-5.882844,-7.9877787
2608,-1.3854192,12.413892
2609,7.623131,-5.4283257
2610,-9.447623,7.613136
2611,-10.665613,-2.5957797
2612,-4.7886753,-8.563174
2613,-9.662655,-4.34695
2614,3.9454558,11.664901
2615,-2.7370405,-9.221382
2616,10.3055725,-0.0632539
2617,-7.8742003,9.208313
2618,-11.461428,4.0748763
2619,-10.678821,5.7888765
2620,5.507023,-7.858743
2621,2.110456,-9.380573
2622,-9.927995,7.0597515
2623,-11.62476,0.7653874
2624,-4.1207933,11.541725
2625,-1.9713528,12.165078
2626,-11.357894,-0.49759448
2627,-9.253467,-5.051284
2628,1.1623994,-9.503193
2629,0.9743218,12.347641
2630,8.35445,-4.615172
2631,9.942665,5.107751
2632,8.664391,7.6697474
2633,3.425784,11.830615
2634,9.325381,-3.564404
2635,4.5281854,-8.433083
2636,8.962538,-4.3959217
2637,2.2106185,-9.361352
2638,10.274466,3.6954284
2639,0.18348026,12.444527
2640,-5.7228165,-8.130217
2641,-11.730823,1.5755883
2642,-11.664172,2.7844946
2643,4.9882746,-8.202644
2644,7.094989,-6.376431
2645,-1.2211424,-9.549571
2646,3.1486595,-9.078588
2647,9.593953,-2.7253435
2648,6.572419,9.98183
2649,10.296795,3.5671065
2650,1.9833734,-9.392149
2651,-4.550567,11.542469
2652,4.7576356,11.238003
2653,-1.3861307,12.279586
2654,10.296697,0.33599284
2655,-8.81162,-5.3981414
2656,-5.7937255,-8.103952
2657,2.9258986,-9.150367
2658,7.0403166,-6.3801107
2659,-0.30889243,-9.601465
2660,2.2114007,12.254914
2661,8.570039,-5.355901
2662,-8.402367,-5.8500137
2663,7.604131,9.222141
2664,-2.706841,-9.237014
2665,2.8964586,12.094797
2666,-3.2790685,-9.067096
2667,-0.775025,-9.603014
2668,8.593829,-5.333918
2669,-11.2091055,4.741662
2670,9.726731,5.6434894
2671,-0.9894334,12.360498
2672,0.69855267,-9.581198
2673,-11.347303,4.3271065
2674,-1.1794384,-9.608705
2675,-3.696357,-8.960081
2676,4.0609145,11.582498
2677,-10.917039,5.2394557
2678,-4.0327425,-8.823259
2679,0.009879479,-9.636959
2680,-8.543975,8.606702
2681,-4.614864,11.392006
2682,-5.70693,-8.146192
2683,-6.791062,-7.409813
2684,0.91803765,12.329314
2685,7.6607385,-5.75974
2686,3.6067998,-8.916943
2687,9.334576,-3.211452
2688,-1.4761648,-9.556461
2689,4.778091,11.240899
2690,0.0033286016,-9.557626
2691,-11.24271,4.7014747
2692,9.158207,-3.427476
2693,1.7144336,12.399253
2694,7.261454,9.541973
2695,2.443579,-9.285274
2696,8.768307,-4.377366
2697,-9.06643,8.12705
2698,-4.903607,-8.523777
2699,6.331047,-7.1206446
2700,9.677971,-2.6588335
2701,10.28599,0.06838172
2702,-11.432049,4.1913276
2703,7.714253,8.921676
2704,7.544478,-6.0575414
2705,-6.660739,-7.4496946
2706,9.073025,-4.505485
2707,4.25436,11.490368
2708,2.243762,12.123459
2709,0.11742556,-9.653864
2710,9.670625,-2.5596843
2711,-10.38353,-3.2012496
2712,10.787428,0.9267178
2713,-10.295938,-3.3316665
2714,-5.643066,-8.135465
2715,-6.7352195,-7.4240828
2716,-10.451372,-3.0798905
2717,7.822336,-5.180888
2718,-2.5104492,-9.272207
2719,5.3121996,-7.9687614
2720,-1.3978908,12.3183565
2721,1.5797173,12.411515
2722,9.900158,-2.0106168
2723,6.035704,-7.3800063
2724,-3.608665,11.702076
2725,3.0938802,-9.118413
2726,9.717239,-2.380959
2727,8.913274,-4.4807253
2728,-4.903935,11.22906
2729,9.838132,5.315902
2730,-1.5120336,-9.554508
2731,8.527357,7.9263945
2732,-9.290436,-4.9422956
2733,-6.175451,-7.8398466
2734,-11.314959,-0.78033584
2735,7.6355486,-5.620113
2736,-3.8061726,11.673162
2737,-11.675913,2.4213278
2738,10.411909,0.62471104
2739,-4.530836,11.525464
2740,9.857849,5.3285336
2741,1.9506127,12.1844
2742,-7.5492,-6.669029
2743,3.538951,-8.920613
2744,-1.2285897,-9.599388
2745,8.853999,-4.4350853
2746,-9.51783,7.6163087
2747,-11.796804,0.93290055
2748,-10.123156,6.8342495
2749,7.8973002,8.6750145
2750,3.612541,-8.86794
2751,-3.4139166,11.81686
2752,8.645515,-5.127346
2753,7.643839,-5.6714416
2754,-7.3187246,-6.873478
2755,7.4581714,-5.946063
2756,4.9306884,-8.225793
2757,-11.683939,1.2403685
2758,-9.611276,-4.516725
2759,-11.352373,4.3605676
2760,4.130029,-8.643706
2761,-11.720782,0.7247642
2762,2.9661021,-9.124727
2763,7.4314137,9.245323
2764,-1.3557392,12.433983
2765,-11.583076,-0.25595093
2766,-10.538826,-2.9370852
2767,4.5010633,11.375066
2768,-9.989279,-3.8432329
2769,2.1238098,12.165522
2770,1.772632,12.216632
2771,-11.570671,3.3169324
2772,-11.619526,-0.044830006
2773,7.7432184,-5.556307
2774,7.885216,-5.3700595
2775,10.374728,1.6042135
2776,2.9050646,-9.139226
2777,10.143248,4.4654484
2778,5.1837325,-8.084818
2779,-10.406623,6.2745776
2780,-9.458631,-4.8086395
2781,-5.5985985,-8.2149725
2782,9.775804,5.5365796
2783,-11.781725,1.6818388
2784,1.6151317,12.400272
2785,6.3520083,-7.1648126
2786,10.082363,4.5485773
2787,2.6054146,-9.254811
2788,4.000879,-8.761291
2789,-1.1340017,12.457422
2790,9.8710375,5.300667
2791,-11.297544,4.4657235
2792,1.6921014,12.307494
2793,-5.7806826,10.684846
2794,10.159778,4.363176
2795,-5.063434,11.235722
2796,1.5872658,12.367195
2797,-6.825715,10.04769
2798,0.3936139,-9.554515
2799,10.288306,0.10088823
2800,8.665582,-5.0870237
2801,-2.8000238,-9.209432
2802,8.974357,7.0480165
2803,4.267674,11.500784
2804,8.076234,8.43614
2805,-10.122063,6.7632117
2806,10.215996,3.9940295
2807,7.86338,8.738388
2808,-4.72199,11.232232
2809,-9.490162,-4.7376943
2810,7.901938,-5.3664455
2811,4.3151784,-8.611583
2812,-1.6064054,-9.516894
2813,-11.669793,1.3756057
2814,4.0007315,-8.704254
2815,-5.6442976,-8.171367
2816,7.7668386,-5.487447
2817,-11.448769,-0.21356998
2818,10.4380865,1.536257
2819,2.4399188,-9.316174
2820,-1.0085442,-9.616915
2821,10.121265,4.4399853
2822,1.8476508,-9.415971
2823,-11.529907,3.9519706
2824,7.7344704,8.905021
2825,-11.630445,0.26693082
2826,-5.5627213,-8.220118
2827,-5.4378653,-8.246333
2828,6.494246,10.044692
2829,4.3264537,-8.53484
2830,-9.918473,-3.9423413
2831,2.429705,-9.333899
2832,-4.6085496,11.311411
2833,-2.7496717,-9.201396
2834,-10.426261,6.232591
2835,1.870453,-9.41613
2836,5.028072,11.100384
2837,-8.037937,9.065706
2838,8.873802,-4.4839544
2839,-11.682504,2.5487146
2840,-0.5004701,12.375629
2841,10.435468,1.3951843
2842,8.803336,7.471772
2843,10.29644,0.47103968
2844,-5.829184,10.659341
2845,10.765508,1.1319487
2846,0.5098182,-9.577373
2847,-1.6595849,12.353311
2848,-9.712489,-4.366335
2849,7.256119,9.560368
2850,1.2210287,12.413026
2851,-11.6748705,2.6023893
2852,0.017984763,-9.637264
2853,8.37864,-5.5576777
2854,-5.5609527,-8.2386
2855,6.707637,-6.869777
2856,3.7289472,11.721305
2857,-11.356403,-0.44720775
2858,2.399912,-9.321407
2859,-7.0567126,-7.148435
2860,-11.461672,0.15527403
2861,3.2996075,-9.028357
2862,9.122225,-3.9500906
2863,-1.4130472,12.395228
2864,7.599465,-5.6601224
2865,-4.539283,11.529352
2866,7.1229258,-6.542412
2867,-1.0999503,-9.607672
2868,-1.1595126,-9.613554
2869,-1.3615428,12.345497
2870,7.2933493,9.327383
2871,-4.7623487,-8.623221
2872,7.812541,-5.216905
2873,1.0059191,-9.556832
2874,9.291229,-3.6834304
2875,-3.1886113,11.903892
2876,-9.067404,8.139086
2877,10.364129,3.0471313
2878,10.220562,-0.6069508
2879,-0.9808477,-9.61983
2880,-11.674213,2.4335082
2881,-1.0433856,-9.6170225
2882,8.958471,-4.1922994
2883,10.221896,-0.3549138
2884,4.601022,-8.395577
2885,-11.59644,0.7353636
2886,-11.761855,-0.17514808
2887,1.5072306,-9.492861
2888,10.295913,0.40780047
2889,-4.432493,11.435145
2890,9.237638,-3.5645354
2891,5.1917105,-8.045126
2892,10.71346,1.3647844
2893,-9.419057,7.7146497
2894,-9.644851,7.437483
2895,-1.1350453,12.352496
2896,-8.875552,-5.332516
2897,-10.527538,6.038589
2898,-5.153174,-8.421183
2899,1.5238596,-9.486792
2900,7.672631,-5.6523027
2901,-4.477133,11.388701
2902,-11.73279,1.7610137
2903,-10.563047,-2.8634782
2904,9.54184,6.082369
2905,8.796468,7.480934
2906,-11.643368,0.7537158
2907,10.153783,4.3756995
2908,-9.487085,-4.8061366
2909,-11.536548,-0.43824834
2910,-11.800021,1.2748734
2911,-11.419415,3.8534281
2912,-7.064515,-7.129224
2913,10.373765,2.8995252
2914,8.933398,-4.4182725
2915,-2.2853928,12.090014
2916,10.387018,2.923383
2917,1.413673,12.4498625
2918,-11.500097,3.9631457
2919,0.80299014,12.469563
2920,2.2365885,-9.346008
2921,10.378016,1.1570156
2922,-3.4098647,-9.027162
2923,10.237067,3.8195632
2924,-11.815259,1.3277086
2925,9.026292,-4.24315
2926,-2.1909215,-9.299348
2927,10.201233,4.2562027
2928,-10.747966,-2.3163023
2929,-4.5091977,11.540416
2930,-9.83457,-4.1329165
2931,2.1106613,12.191126
2932,-10.300144,6.460513
2933,10.219417,-0.55286366
2934,1.316443,-9.486118
2935,4.5924354,11.341237
2936,0.6259297,-9.58712
2937,2.2526023,-9.339489
2938,7.1171594,9.629282
2939,-10.497585,6.1077776
2940,-11.3942995,4.3185363
2941,1.8430394,-9.41905
2942,3.4787688,11.799782
2943,7.4790897,9.372569
2944,7.323902,9.480873
2945,9.862621,5.3731737
2946,7.8536935,-4.9739847
2947,6.3861732,10.188328
2948,0.8854292,-9.556398
2949,-6.841225,10.006545
2950,-5.2918305,-8.3764715
2951,-11.674227,2.7023122
2952,-8.419979,8.683392
2953,7.201195,-6.205286
2954,-0.17032951,12.43436
2955,2.8426206,12.007513
2956,8.45704,8.031411
2957,8.889647,-4.349202
2958,10.183648,4.1427064
2959,-1.738578,12.335726
2960,2.048969,-9.408716
2961,10.2132845,4.107599
2962,-11.234935,4.4348965
2963,-9.382476,7.7486944
2964,5.790959,10.60929
2965,10.391692,2.6181312
2966,-6.985244,-7.2270203
2967,-4.6404514,11.450572
2968,-11.69473,1.7409232
2969,8.892957,7.3260593
2970,-7.132097,9.792658
2971,-9.901864,-3.8915148
2972,8.401593,-5.5547094
2973,8.858578,-4.5838304
2974,10.417775,0.8337814
2975,-10.429086,-3.142554
2976,-11.747718,0.07458026
2977,9.572351,-3.0715928
2978,9.664179,5.796811
2979,9.609777,5.9270062
2980,10.806357,0.9818538
2981,-11.152722,4.638819
2982,6.211934,-7.2508187
2983,7.491863,9.396846
2984,-6.723285,-7.445972
2985,10.108808,-1.2393547
2986,-11.649458,2.6919467
2987,0.30903563,12.402684
2988,4.7684627,-8.348512
2989,-11.428759,4.115556
2990,0.75476027,12.44542
2991,-1.5424781,12.231731
2992,-9.160403,-5.0951376
2993,6.6030507,9.966148
2994,10.246797,-0.41999602
2995,3.0532155,-9.11916
2996,-11.4634285,-0.6172125
2997,1.900328,-9.445352
2998,8.389525,8.079662
2999,4.552736,-8.446713
